"event_id","sender","time","mr_size","n_receivers_observed"
1,13,0.702448966787814,1,1
2,15,1.00398886970684,1,1
3,4,1.08137385736722,1,1
4,16,1.52614064496748,1,1
5,8,1.60505479359883,1,1
6,1,1.93620208438478,1,1
7,17,2.73115986619294,1,1
8,14,3.12176193757232,1,1
9,19,3.54725478258773,1,1
10,4,3.64103587603561,1,1
11,18,4.0281528003015,1,1
12,14,4.06793653643318,1,1
13,9,4.47692386131672,1,1
14,16,4.92316435385673,1,1
15,12,4.953258176386,1,1
16,13,5.06205662533211,1,1
17,10,5.1552389432143,1,1
18,20,5.71978885700978,1,1
19,18,6.10483676685024,1,1
20,7,6.22961343214272,1,1
21,3,6.43340104529755,1,1
22,14,6.45126771932761,1,1
23,14,6.79507875522985,1,1
24,3,7.188979045823,1,1
25,10,7.63595753561088,1,1
26,3,7.7101106065405,1,1
27,11,7.86280470834318,1,1
28,11,7.99085971787964,1,1
29,6,8.1965327503858,1,1
30,18,8.95337479881665,1,1
31,9,9.21624479830396,1,1
32,10,9.24957430210521,1,1
33,11,9.26850066446406,1,1
34,5,9.59607133481815,1,1
35,1,9.79430558108993,1,1
36,17,9.83075707975158,1,1
37,1,10.2176964190049,1,1
38,3,10.3325252928662,1,1
39,16,10.6456212891308,1,1
40,12,10.8940650062773,1,1
41,3,10.9875889066382,1,1
42,2,11.0742688196567,1,1
43,17,11.2313497550106,1,1
44,19,11.6862897704612,1,1
45,16,12.6211177887162,1,1
46,1,12.8078822446495,1,1
47,2,13.2782514989079,1,1
48,13,13.5073421922543,1,1
49,12,13.7454990921578,1,1
50,11,14.6288645518858,1,1
51,5,14.8811345941735,1,1
52,16,15.5684805352921,1,1
53,14,15.8619221146836,1,1
54,17,15.9915444523197,1,1
55,16,16.1269535195338,1,1
56,18,16.1367027277656,1,1
57,16,16.2188238623505,1,1
58,13,16.579543264697,1,1
59,9,17.3325452232526,1,1
60,18,17.4495446750162,1,1
61,7,17.4870815954941,1,1
62,3,17.5389419885518,1,1
63,4,17.8409674404375,1,1
64,3,17.9266411499485,1,1
65,16,17.9628895925423,1,1
66,3,18.1789258783269,1,1
67,4,18.3646342163769,1,1
68,14,18.4024757830874,1,1
69,4,18.8039693165109,1,1
70,6,18.8408864411209,1,1
71,5,19.0037195653746,1,1
72,15,19.2446904643016,1,1
73,5,19.6363316545848,1,1
74,17,20.0763750457682,1,1
75,16,20.1769822558642,1,1
76,4,20.1976654589266,1,1
77,10,20.3559826883729,1,1
78,4,20.6618287717561,1,1
79,18,22.5435038874619,1,1
80,19,22.8150430507501,1,1
81,12,23.1172955855063,1,1
82,20,23.1331944166535,1,1
83,20,23.2640680037095,1,1
84,7,23.4778722322315,1,1
85,14,23.8134992405237,1,1
86,16,23.8247747176716,1,1
87,17,23.9132846140122,1,1
88,18,24.4336465557452,1,1
89,20,24.9479261376478,1,1
90,5,25.2088341104501,1,1
91,4,25.9110964587772,1,1
92,6,26.0879654107254,1,1
93,1,26.139647342185,1,1
94,7,26.1718876007323,1,1
95,11,26.4976413299092,1,1
96,15,26.6928281314987,1,1
97,5,27.0042445401802,1,1
98,18,27.0354333326385,1,1
99,16,28.4577695977691,1,1
100,18,28.4981957023746,1,1
101,18,28.8074784034939,1,1
102,9,29.180587827409,1,1
103,18,29.5569499948252,1,1
104,11,29.6905807585201,1,1
105,6,29.6988194936107,1,1
106,5,30.1072189507572,1,1
107,5,30.8396561772682,1,1
108,8,31.2392307130845,1,1
109,11,31.6892713852057,1,1
110,3,31.8153207104926,1,1
111,1,31.8783180565396,1,1
112,2,32.2899147690083,1,1
113,11,33.100114914285,1,1
114,1,33.6662082466815,1,1
115,3,33.7219159412564,1,1
116,11,34.3912864779693,1,1
117,2,34.5133226661317,1,1
118,16,34.6498454758962,1,1
119,3,34.804747074957,1,1
120,16,35.1103350825407,1,1
121,2,35.1270399680673,1,1
122,16,35.1925419324537,1,1
123,16,35.5121679163984,1,1
124,9,35.5922294150522,1,1
125,16,35.8127744668557,1,1
126,16,35.8681658634394,1,1
127,13,36.0697080258464,1,1
128,4,36.1618284246305,1,1
129,16,36.3600401208985,1,1
130,12,36.4551735200334,1,1
131,3,36.6271428035819,1,1
132,10,36.6332280591386,1,1
133,2,36.726145485195,1,1
134,9,37.2301420845453,1,1
135,13,37.3341612375983,1,1
136,16,37.9480999994081,1,1
137,16,38.2789096514174,1,1
138,12,38.6016236238683,1,1
139,4,39.004575768726,1,1
140,14,39.5207994979637,1,1
141,2,39.6421335527028,1,1
142,14,39.9635673520151,1,1
143,5,39.9723590299233,1,1
144,13,40.0956544458326,1,1
145,5,40.1545340930983,1,1
146,12,40.2118015577986,1,1
147,10,40.3038436707721,1,1
148,7,40.8521005498776,1,1
149,3,41.0462008737951,1,1
150,14,41.2328811080582,1,1
151,7,41.5963837861518,1,1
152,11,41.7645994155682,1,1
153,13,42.1794021154578,1,1
154,16,42.7283648358493,1,1
155,9,42.77029583032,1,1
156,13,42.9943931692066,1,1
157,16,43.2000123901837,1,1
158,19,43.2552685587263,1,1
159,10,43.3648292356729,1,1
160,14,43.4367622969469,1,1
161,19,43.467725745941,1,1
162,8,43.7449925142064,1,1
163,8,43.95599920593,1,1
164,15,44.0077728933565,1,1
165,8,44.6049154887927,1,1
166,9,44.745901739329,1,1
167,19,44.8659683916742,1,1
168,13,45.5438933921297,1,1
169,16,45.8791304764653,1,1
170,1,46.2853959796528,1,1
171,12,46.3597078841874,1,1
172,17,46.5542154556222,1,1
173,8,46.6180646689514,1,1
174,8,46.7939326305451,1,1
175,8,47.05133012353,1,1
176,14,47.3798442734871,1,1
177,5,47.3948656539852,1,1
178,19,47.4065365075586,1,1
179,8,47.7061760462363,1,1
180,10,47.7735914389756,1,1
181,11,47.7804358914936,1,1
182,16,47.8483682551642,1,1
183,3,48.2334515425911,1,1
184,10,48.3790786535563,1,1
185,3,48.5749963871132,1,1
186,10,48.6086609955245,1,1
187,11,48.9568312271573,1,1
188,16,49.0054793701697,1,1
189,14,49.0519893520341,1,1
190,11,49.0584506390686,1,1
191,11,49.0685572153941,1,1
192,9,50.1235458438329,1,1
193,18,50.3183578711952,1,1
194,11,50.808277417401,1,1
195,4,50.8658330598564,1,1
196,15,51.4317869545909,1,1
197,14,51.7201003770422,1,1
198,17,51.8893806582807,1,1
199,14,52.3343091809505,1,1
200,3,52.3689384636516,1,1
201,2,52.9511261018376,1,1
202,8,53.3564619376145,1,1
203,16,53.3654443404894,1,1
204,14,53.4101846683284,1,1
205,1,53.8673819501849,1,1
206,11,54.0987243349202,1,1
207,1,54.6580017168419,1,1
208,6,55.0158033446491,1,1
209,10,55.025611955804,1,1
210,10,55.1198905436263,1,1
211,11,55.1490565329381,1,1
212,3,55.2222412813479,1,1
213,16,55.5664266162837,1,1
214,4,55.5814509405485,1,1
215,6,55.6601543466519,1,1
216,11,55.666605118383,1,1
217,19,55.7966957635646,1,1
218,7,56.0515641717276,1,1
219,12,56.67145786285,1,1
220,2,56.8273132280563,1,1
221,15,57.0429577100006,1,1
222,3,57.3223394467054,1,1
223,15,57.3502212233234,1,1
224,14,57.8493690225904,1,1
225,2,57.8766329014012,1,1
226,3,58.0233090182037,1,1
227,2,58.3944065002068,1,1
228,18,58.4841297844482,1,1
229,9,58.6587598017829,1,1
230,20,58.6847608707237,1,1
231,17,58.9061058723893,1,1
232,9,59.205010033194,1,1
233,15,59.2892912041461,1,1
234,12,59.4687625749035,1,1
235,20,60.0285546116953,1,1
236,18,60.4286727872517,1,1
237,13,60.6452869193174,1,1
238,18,60.8286031435459,1,1
239,14,61.1613673068855,1,1
240,18,61.3590637891581,1,1
241,4,61.3881242439757,1,1
242,17,62.0309605876446,1,1
243,7,62.04623826591,1,1
244,18,62.2463978636347,1,1
245,7,62.7522889625487,1,1
246,15,63.1424097828253,1,1
247,17,63.6016288984271,1,1
248,19,63.6953133631421,1,1
249,4,63.7485270380705,1,1
250,19,63.8801060677961,1,1
251,16,64.1032690634093,1,1
252,13,64.9610803015173,1,1
253,19,64.9872205120943,1,1
254,2,65.7456960837976,1,1
255,15,65.8612975299568,1,1
256,5,66.5029595965195,1,1
257,11,66.6385359337359,1,1
258,11,67.1667222264752,1,1
259,10,67.4868662279685,1,1
260,18,67.6343766333703,1,1
261,12,67.7013623686845,1,1
262,5,67.7856514789133,1,1
263,4,67.8074138503752,1,1
264,14,67.9899997274512,1,1
265,2,68.007903326517,1,1
266,6,68.2962529286995,1,1
267,5,69.0696600446008,1,1
268,14,69.4504656111351,1,1
269,7,70.1748889280034,1,1
270,14,70.2246182078589,1,1
271,20,70.3346472675315,1,1
272,1,70.495660567379,1,1
273,19,70.7816831254006,1,1
274,18,70.8381567052401,1,1
275,18,71.08733968103,1,1
276,19,71.4868087129931,1,1
277,12,71.8670041722845,1,1
278,1,71.9393110982953,1,1
279,4,72.0855399911583,1,1
280,18,72.1913913900148,1,1
281,5,72.3171436227852,1,1
282,10,72.3971959677511,1,1
283,20,72.4830917287884,1,1
284,2,72.5381745840875,1,1
285,9,72.7976264072878,1,1
286,2,72.8629439348166,1,1
287,8,73.0991730211557,1,1
288,19,73.2752310669339,1,1
289,5,73.2832443877453,1,1
290,3,73.7981908547447,1,1
291,15,73.8839675080408,1,1
292,16,74.0571108296669,1,1
293,5,74.1085741513568,1,1
294,10,74.1406058198832,1,1
295,10,74.3722034407046,1,1
296,4,74.518470252904,1,1
297,18,74.5615890406995,1,1
298,15,74.7841346401695,1,1
299,11,75.2121618801902,1,1
300,11,75.5616040158709,1,1
301,10,75.5696988926934,1,1
302,11,75.6086134907838,1,1
303,17,75.7323718892697,1,1
304,17,75.8613960404325,1,1
305,19,76.6001304368952,1,1
306,14,76.6124516888127,1,1
307,5,76.6559445283507,1,1
308,14,76.9505486492629,1,1
309,16,77.2685134192755,1,1
310,18,77.3434835080292,1,1
311,13,77.4949324775615,1,1
312,19,77.6495963035393,1,1
313,14,77.936647289149,1,1
314,15,77.9718065688161,1,1
315,17,78.6171839469793,1,1
316,9,78.6785428288557,1,1
317,17,79.181123544612,1,1
318,17,79.2539667895727,1,1
319,9,79.2780766369452,1,1
320,19,79.860844360229,1,1
321,12,79.9800971846616,1,1
322,13,80.3699103095782,1,1
323,14,80.7721576894397,1,1
324,10,81.311386358616,1,1
325,1,81.5137328648353,1,1
326,9,81.5463016596808,1,1
327,13,81.5912461077422,1,1
328,4,81.6482424083895,1,1
329,8,81.6683621918784,1,1
330,3,81.9229297147852,1,1
331,5,82.6188475468546,1,1
332,2,82.7243483351656,1,1
333,11,82.9717704067969,1,1
334,14,83.1634206803131,1,1
335,7,83.2993364010473,1,1
336,10,83.5531306917431,1,1
337,3,83.5884170468115,1,1
338,17,83.8407355611462,1,1
339,11,84.2906441784274,1,1
340,16,84.5100215109179,1,1
341,10,84.5662260539261,1,1
342,13,84.629263692365,1,1
343,13,85.1732465197942,1,1
344,1,85.2260833044702,1,1
345,12,85.2436956712494,1,1
346,8,85.4323743276581,1,1
347,14,85.8056572049757,1,1
348,17,86.0041366578817,1,1
349,11,86.0721575919715,1,1
350,17,86.1315148859956,1,1
351,16,86.1393795646443,1,1
352,13,86.6274515416973,1,1
353,13,86.6513127486157,1,1
354,4,86.7105402694111,1,1
355,16,86.7366896250133,1,1
356,17,86.8194991863917,1,1
357,3,87.0528987681491,1,1
358,5,87.2962504479605,1,1
359,11,87.3650915296132,1,1
360,15,87.5748360387472,1,1
361,18,87.713571452373,1,1
362,20,87.9691703164624,1,1
363,11,88.0302230974377,1,1
364,17,88.3186531082281,1,1
365,6,88.4194731134837,1,1
366,6,88.5349091170095,1,1
367,10,88.6620385072778,1,1
368,1,89.3671898187662,1,1
369,20,89.4440496360021,1,1
370,14,89.4972447857925,1,1
371,17,89.8346883524944,1,1
372,10,90.0281648452134,1,1
373,19,90.2565328829294,1,1
374,5,90.4516740402443,1,1
375,12,90.5027912074767,1,1
376,3,90.5367632080377,1,1
377,12,90.5431398917039,1,1
378,12,90.6660819082966,1,1
379,1,90.8878316019639,1,1
380,14,90.8909380172373,1,1
381,15,90.975601874132,1,1
382,7,90.9968072463799,1,1
383,6,90.9979206257845,1,1
384,15,91.1661162399557,1,1
385,3,91.3655335885597,1,1
386,19,91.4886996224917,1,1
387,15,91.5772453953631,1,1
388,14,91.935362498681,1,1
389,4,92.1518087176971,1,1
390,2,92.489096777696,1,1
391,10,92.5579986347345,1,1
392,15,92.7891239255033,1,1
393,20,92.8666975256294,1,1
394,3,92.9941100326046,1,1
395,2,93.0063840389314,1,1
396,4,93.4303179168722,1,1
397,2,93.5915999033184,1,1
398,10,93.8631451141454,1,1
399,19,94.0016717029945,1,1
400,7,94.0921936137605,1,1
401,15,94.4373563236738,1,1
402,13,94.5056697748339,1,1
403,5,94.7329484837768,1,1
404,11,94.7426590765656,1,1
405,13,94.7753819569723,1,1
406,18,95.0760071124124,1,1
407,2,95.1306289083214,1,1
408,15,95.4421128921368,1,1
409,12,95.5468411267369,1,1
410,7,95.561003613576,1,1
411,1,95.5840561080971,1,1
412,11,96.1370894786523,1,1
413,10,96.2336297135744,1,1
414,16,96.5637112347717,1,1
415,12,96.7642704104715,1,1
416,11,96.8377415458633,1,1
417,20,96.9844420115173,1,1
418,3,97.0171661347265,1,1
419,7,97.1646746300613,1,1
420,10,97.4724365884507,1,1
421,13,97.7029228132076,1,1
422,11,97.7172018539476,1,1
423,9,97.8599967321373,1,1
424,14,98.1071107355679,1,1
425,2,98.2030752185329,1,1
426,8,98.3851561788675,1,1
427,16,98.5609948599769,1,1
428,15,98.7789243539611,1,1
429,19,98.7848432056661,1,1
430,7,98.7910829388355,1,1
431,14,99.0723757970072,1,1
432,16,99.1094184654628,1,1
433,14,99.370188959347,1,1
434,6,99.3778396610248,1,1
435,2,99.7101437108426,1,1
436,12,100.608184829943,1,1
437,7,100.621082291713,1,1
438,19,100.749667623406,1,1
439,3,100.858104050058,1,1
440,10,101.273490136448,1,1
441,18,101.284236517253,1,1
442,11,101.394364569767,1,1
443,9,101.424434054341,1,1
444,20,101.592013828564,1,1
445,10,101.66576408214,1,1
446,9,101.677461729329,1,1
447,20,101.793664659609,1,1
448,20,101.834679917637,1,1
449,13,101.846421253646,1,1
450,5,102.211598107015,1,1
451,16,102.227386132964,1,1
452,4,102.233232833234,1,1
453,13,102.249437791458,1,1
454,1,102.674002703518,1,1
455,4,102.852875586347,1,1
456,6,103.049031488251,1,1
457,1,103.118285644016,1,1
458,13,103.297112156301,1,1
459,13,103.35807825829,1,1
460,8,103.877312776963,1,1
461,12,104.058507443946,1,1
462,19,104.08088770812,1,1
463,9,104.155719244067,1,1
464,6,104.309758612235,1,1
465,20,104.355579120492,1,1
466,16,104.476804573272,1,1
467,20,104.610429074828,1,1
468,17,104.636935334367,1,1
469,4,104.692851698035,1,1
470,15,104.71617432846,1,1
471,7,104.731531124733,1,1
472,15,104.824050635078,1,1
473,15,105.01683401565,1,1
474,15,105.038744714199,1,1
475,4,105.090577468904,1,1
476,13,105.652734780418,1,1
477,5,106.095830709315,1,1
478,6,106.244061333286,1,1
479,8,106.302755293229,1,1
480,10,106.545366467581,1,1
481,8,106.750970184929,1,1
482,19,106.978868062229,1,1
483,18,107.36871837387,1,1
484,7,107.524829493494,1,1
485,16,107.589174262324,1,1
486,17,107.624208727717,1,1
487,11,107.831566190841,1,1
488,12,107.884205002216,1,1
489,11,107.983646359319,1,1
490,17,108.086124776613,1,1
491,17,108.262265779691,1,1
492,16,108.32430906941,1,1
493,10,108.330216686327,1,1
494,16,108.603642353561,1,1
495,16,108.609222385449,1,1
496,15,108.662927165377,1,1
497,16,108.732854015112,1,1
498,17,108.795847664858,1,1
499,14,108.811834610753,1,1
500,4,109.33474539345,1,1
501,17,109.348016352448,1,1
502,12,109.495720996382,1,1
503,3,109.529791324015,1,1
504,4,109.551858302334,1,1
505,5,109.568346682404,1,1
506,5,109.872992301051,1,1
507,1,109.988297170349,1,1
508,20,110.130527650547,1,1
509,2,110.187942875949,1,1
510,11,110.268967901701,1,1
511,7,110.351516184025,1,1
512,1,110.555268077117,1,1
513,7,110.698766387153,1,1
514,20,110.738827513961,1,1
515,20,110.817767015156,1,1
516,11,110.833762914471,1,1
517,18,110.845169553722,1,1
518,3,111.100600365861,1,1
519,3,111.62561542509,1,1
520,14,111.878175767412,1,1
521,4,112.20889341519,1,1
522,2,112.292001828531,1,1
523,11,112.450079545322,1,1
524,20,112.530759758214,1,1
525,10,112.690092164365,1,1
526,3,112.752722912732,1,1
527,13,112.890777501253,1,1
528,16,112.90542259172,1,1
529,13,112.983777089867,1,1
530,5,113.159599131326,1,1
531,12,113.168583792969,1,1
532,15,113.187272114022,1,1
533,5,113.254411066913,1,1
534,18,113.382356646643,1,1
535,11,113.496844203051,1,1
536,13,113.618623494612,1,1
537,4,113.72561819774,1,1
538,5,113.746026036243,1,1
539,9,113.845493798244,1,1
540,7,113.911347533329,1,1
541,18,114.053891112657,1,1
542,5,114.257485629484,1,1
543,11,114.298275326146,1,1
544,9,114.371832862584,1,1
545,17,114.539775242517,1,1
546,3,114.575366955788,1,1
547,16,114.620209928995,1,1
548,16,114.708899337158,1,1
549,15,114.805717089957,1,1
550,14,114.847616088722,1,1
551,2,114.950159607655,1,1
552,6,115.017751730297,1,1
553,6,115.061572341728,1,1
554,2,115.141932537467,1,1
555,7,115.3351841785,1,1
556,11,115.395220708985,1,1
557,16,115.490095510078,1,1
558,19,115.510199499503,1,1
559,18,116.240403112868,1,1
560,20,116.379293817568,1,1
561,3,116.567208117115,1,1
562,20,116.773119040187,1,1
563,16,116.804709129372,1,1
564,15,117.93777152538,1,1
565,6,118.12527286674,1,1
566,13,118.380824794486,1,1
567,7,118.583130744758,1,1
568,3,118.680323669172,1,1
569,15,118.687281678178,1,1
570,4,119.082489054144,1,1
571,18,119.488373841907,1,1
572,14,120.17940865678,1,1
573,4,120.223940498879,1,1
574,4,120.258330499784,1,1
575,1,120.275603031629,1,1
576,2,120.418257051813,1,1
577,2,120.441142447443,1,1
578,5,120.621584504236,1,1
579,15,120.644961177998,1,1
580,2,120.89443233975,1,1
581,2,121.203663094887,1,1
582,6,121.223903253306,1,1
583,3,121.292858610344,1,1
584,6,121.296942334883,1,1
585,12,121.412841143131,1,1
586,10,121.692342489241,1,1
587,7,122.080731148592,1,1
588,1,122.103262559105,1,1
589,16,122.159753842626,1,1
590,5,122.332478491482,1,1
591,8,122.378660180872,1,1
592,11,122.486716577947,1,1
593,8,122.610119267203,1,1
594,10,123.046486812256,1,1
595,2,123.103872114293,1,1
596,5,123.419228599629,1,1
597,12,123.585069420275,1,1
598,2,123.717498797302,1,1
599,8,123.851188920406,1,1
600,3,123.883688396556,1,1
601,10,123.902129031432,1,1
602,16,123.993432017534,1,1
603,8,124.3005130332,1,1
604,6,124.470437906709,1,1
605,6,124.733318050179,1,1
606,11,124.735860899779,1,1
607,14,124.846281968499,1,1
608,16,124.883726028945,1,1
609,12,124.913128015109,1,1
610,12,124.946023441391,1,1
611,7,124.960602192253,1,1
612,16,125.174148670712,1,1
613,17,125.209305814099,1,1
614,14,125.274996212551,1,1
615,6,125.726368418943,1,1
616,17,125.801432674662,1,1
617,19,125.826990081336,1,1
618,16,126.004940345568,1,1
619,5,126.020343434689,1,1
620,18,126.185169884532,1,1
621,16,126.214769060182,1,1
622,9,126.528155616544,1,1
623,9,126.530349188629,1,1
624,14,126.530465105157,1,1
625,7,126.594355507995,1,1
626,10,126.638628619044,1,1
627,13,126.657888946923,1,1
628,9,126.75859547102,1,1
629,14,126.816287890442,1,1
630,13,126.818667436029,1,1
631,1,126.827266570874,1,1
632,20,126.830014901532,1,1
633,17,126.854648384925,1,1
634,11,126.958039930728,1,1
635,13,126.968517970607,1,1
636,9,127.082685347296,1,1
637,8,127.242859291823,1,1
638,7,127.24848452419,1,1
639,18,127.358348734734,1,1
640,12,127.37182997996,1,1
641,8,127.401885640223,1,1
642,2,127.485553946461,1,1
643,19,127.511576849758,1,1
644,3,127.592407530639,1,1
645,1,127.672455403577,1,1
646,12,127.721275759648,1,1
647,1,127.839906871177,1,1
648,7,127.895821010097,1,1
649,11,127.952064624881,1,1
650,10,128.085913572783,1,1
651,11,128.247318566717,1,1
652,11,128.267333680292,1,1
653,9,128.414961710421,1,1
654,10,128.467382391257,1,1
655,16,128.748790896309,1,1
656,12,128.986525506575,1,1
657,7,129.114193337759,1,1
658,12,129.180759715336,1,1
659,12,129.495585853664,1,1
660,1,129.552082922427,1,1
661,18,129.625598525454,1,1
662,14,129.74866490405,1,1
663,20,129.775833988865,1,1
664,13,130.071153613651,1,1
665,17,130.305599641586,1,1
666,6,130.49570523791,1,1
667,8,130.574419152204,1,1
668,16,130.64480572013,1,1
669,5,130.665132694227,1,1
670,4,130.710748577202,1,1
671,16,131.069239022104,1,1
672,11,131.106135805933,1,1
673,6,131.206050359437,1,1
674,13,131.308329387535,1,1
675,16,131.39748399138,1,1
676,2,131.432791693316,1,1
677,7,131.503619550786,1,1
678,3,131.505010607446,1,1
679,20,131.543325636193,1,1
680,4,131.599181359555,1,1
681,13,131.860199560607,1,1
682,12,132.035885360665,1,1
683,13,132.199716189377,1,1
684,16,132.293412942399,1,1
685,11,132.56482849609,1,1
686,3,132.822475803239,1,1
687,15,133.082833265471,1,1
688,6,133.244427815256,1,1
689,2,133.347913253719,1,1
690,11,133.53364890367,1,1
691,15,133.934087214861,1,1
692,4,134.337618469644,1,1
693,6,134.404952229169,1,1
694,2,134.416493404796,1,1
695,16,134.589346433042,1,1
696,19,134.776459415955,1,1
697,6,134.832061919211,1,1
698,18,134.995518448463,1,1
699,16,135.203137596997,1,1
700,3,135.423373908679,1,1
701,7,135.443913852214,1,1
702,11,135.637704488563,1,1
703,5,135.678084768173,1,1
704,10,135.695008898366,1,1
705,9,135.755963928289,1,1
706,4,135.82552563263,1,1
707,18,136.289670604902,1,1
708,16,136.318786407533,1,1
709,3,136.42578679967,1,1
710,18,136.524326987245,1,1
711,6,136.762539522436,1,1
712,3,136.812085012771,1,1
713,19,136.812282981855,1,1
714,14,136.957221517935,1,1
715,11,137.083200231758,1,1
716,14,137.084370196583,1,1
717,5,137.206637265732,1,1
718,18,137.349250255668,1,1
719,17,137.373756095384,1,1
720,16,137.376888983222,1,1
721,13,137.436060162194,1,1
722,11,137.475615532562,1,1
723,9,137.650979056132,1,1
724,15,137.699435984484,1,1
725,11,137.907658628776,1,1
726,9,138.034822958527,1,1
727,10,138.037588272926,1,1
728,15,138.043823497187,1,1
729,20,138.226059146014,1,1
730,11,138.492373328976,1,1
731,17,138.530471829478,1,1
732,12,138.610668277682,1,1
733,4,138.830928600354,1,1
734,4,139.037583864796,1,1
735,10,139.163401277518,1,1
736,7,139.274676357122,1,1
737,2,139.372925361153,1,1
738,18,139.624670216456,1,1
739,9,139.661262583711,1,1
740,16,139.816783877202,1,1
741,9,139.916141901199,1,1
742,18,140.129765323558,1,1
743,19,140.141150267903,1,1
744,17,140.452184423166,1,1
745,1,140.492899481047,1,1
746,17,140.497043332965,1,1
747,11,140.678874763305,1,1
748,12,140.690879364033,1,1
749,15,140.806380966627,1,1
750,16,140.83391912458,1,1
751,14,141.034531140148,1,1
752,15,141.071037197693,1,1
753,7,141.08422023272,1,1
754,11,141.161325259764,1,1
755,10,141.188340702116,1,1
756,17,141.271911717826,1,1
757,18,141.615435339732,1,1
758,2,141.788046543589,1,1
759,13,141.892392756173,1,1
760,15,141.894227575184,1,1
761,12,142.061355160686,1,1
762,18,142.070887361157,1,1
763,14,142.135953050713,1,1
764,7,142.238477360524,1,1
765,18,142.262682609282,1,1
766,8,142.273149952317,1,1
767,17,142.307998966152,1,1
768,13,142.350150130821,1,1
769,4,142.399241898043,1,1
770,13,142.437854629919,1,1
771,16,142.448804156459,1,1
772,18,142.462840118997,1,1
773,2,142.537071389416,1,1
774,9,142.736908127195,1,1
775,7,142.869612734352,1,1
776,20,142.908928791559,1,1
777,2,143.024851839235,1,1
778,2,143.117870528037,1,1
779,14,143.235535901754,1,1
780,18,143.34065028314,1,1
781,15,143.481084920437,1,1
782,11,143.584387732927,1,1
783,4,143.604836163288,1,1
784,4,143.66432950402,1,1
785,4,143.671230525064,1,1
786,3,143.779975416282,1,1
787,19,143.82290525487,1,1
788,10,144.147441195501,1,1
789,18,144.165428803667,1,1
790,19,144.170045646937,1,1
791,12,144.23562882468,1,1
792,18,144.339272002891,1,1
793,4,144.446560431652,1,1
794,5,144.600018175987,1,1
795,8,144.682330163629,1,1
796,1,144.842624045372,1,1
797,16,144.866368510175,1,1
798,20,145.143120658052,1,1
799,12,145.152936623378,1,1
800,5,145.369959411525,1,1
801,5,145.478276260231,1,1
802,10,145.495161311255,1,1
803,11,145.564247686227,1,1
804,4,145.61537136228,1,1
805,14,145.64266871469,1,1
806,16,145.767767744588,1,1
807,16,146.028562045939,1,1
808,16,146.049335794389,1,1
809,14,146.136750068388,1,1
810,19,146.334259376126,1,1
811,10,146.419885778619,1,1
812,11,146.519781082669,1,1
813,17,146.628694126524,1,1
814,5,146.704380570567,1,1
815,12,146.831814184428,1,1
816,7,146.873469515539,1,1
817,9,146.953097833054,1,1
818,10,147.341469624389,1,1
819,12,147.40620702359,1,1
820,7,147.43135973406,1,1
821,5,147.443209211179,1,1
822,7,147.580378868453,1,1
823,5,147.593973944985,1,1
824,3,147.697669695038,1,1
825,10,147.719606330794,1,1
826,6,147.740100636191,1,1
827,16,147.743036208244,1,1
828,18,147.830585419857,1,1
829,11,148.125977380019,1,1
830,20,148.172259303702,1,1
831,4,148.217114434405,1,1
832,2,148.341799783818,1,1
833,15,148.506868289787,1,1
834,14,148.639615857482,1,1
835,4,148.759586308096,1,1
836,7,148.774358336831,1,1
837,4,148.918423800395,1,1
838,16,148.950899081054,1,1
839,3,149.142013701716,1,1
840,15,149.244004072355,1,1
841,15,149.478908499915,1,1
842,7,149.559875920591,1,1
843,9,149.565614304483,1,1
844,16,149.577126709577,1,1
845,20,149.593179263566,1,1
846,11,149.716139835324,1,1
847,16,149.788849728747,1,1
848,1,149.885241348138,1,1
849,13,149.971496333262,1,1
850,16,150.021438859209,1,1
851,2,150.087596183937,1,1
852,9,150.521107080252,1,1
853,14,150.595661084974,1,1
854,7,150.81281560722,1,1
855,4,150.879450252452,1,1
856,12,151.096773118184,1,1
857,4,151.214811408016,1,1
858,10,151.397037569076,1,1
859,10,151.422560552397,1,1
860,12,151.543389498824,1,1
861,3,151.81317186822,1,1
862,10,151.883089844815,1,1
863,15,151.897206908805,1,1
864,10,151.972225602751,1,1
865,15,151.992497117378,1,1
866,19,152.110080404647,1,1
867,1,152.11792532732,1,1
868,14,152.255720854324,1,1
869,11,152.281903310518,1,1
870,14,152.304326255442,1,1
871,13,152.327902812064,1,1
872,9,152.384962628691,1,1
873,8,152.559992126481,1,1
874,10,152.898383954321,1,1
875,17,152.922429778936,1,1
876,4,152.93429458362,1,1
877,10,153.016278883055,1,1
878,17,153.443838555982,1,1
879,5,153.450233201837,1,1
880,12,153.632321358214,1,1
881,2,153.651357440796,1,1
882,1,153.839140767689,1,1
883,15,153.988421427928,1,1
884,5,154.088848949599,1,1
885,10,154.118067559207,1,1
886,3,154.123691315032,1,1
887,7,154.125940207657,1,1
888,20,154.300305376585,1,1
889,20,154.520551426305,1,1
890,19,154.763042603163,1,1
891,10,154.801608735979,1,1
892,19,155.131042696,1,1
893,2,155.18023644645,1,1
894,6,155.191419100163,1,1
895,14,155.307178269602,1,1
896,14,155.349832686643,1,1
897,11,155.420746116543,1,1
898,8,155.491455829555,1,1
899,3,155.587949668137,1,1
900,16,155.60480990144,1,1
901,5,155.676621837433,1,1
902,13,155.771446310884,1,1
903,2,156.21038404987,1,1
904,9,156.247040023319,1,1
905,18,156.278064280132,1,1
906,14,156.291179970948,1,1
907,9,156.30578901033,1,1
908,2,156.522457666096,1,1
909,13,156.569423214998,1,1
910,13,156.64154783287,1,1
911,14,156.692299995712,1,1
912,13,156.734467750316,1,1
913,2,156.750997695531,1,1
914,12,157.07276774775,1,1
915,9,157.176310136793,1,1
916,2,157.18659244531,1,1
917,1,157.272712238282,1,1
918,6,157.282495750309,1,1
919,8,157.30513177937,1,1
920,11,157.450566864416,1,1
921,17,157.529031385368,1,1
922,18,157.60859604956,1,1
923,11,157.650897231439,1,1
924,13,157.666740204906,1,1
925,17,157.766906500226,1,1
926,18,157.780032412111,1,1
927,19,157.889978996768,1,1
928,13,157.987417922428,1,1
929,8,158.23879834745,1,1
930,14,158.372553895564,1,1
931,14,158.726698705255,1,1
932,9,158.890556528613,1,1
933,19,158.953976624279,1,1
934,18,159.083857189715,1,1
935,3,159.11050901633,1,1
936,19,159.174274253544,1,1
937,11,159.174714800518,1,1
938,4,159.515270159096,1,1
939,10,159.732100266537,1,1
940,15,159.783922748412,1,1
941,4,159.933685232672,1,1
942,7,159.937791646352,1,1
943,2,160.090077986088,1,1
944,3,160.299218077772,1,1
945,17,160.424132610315,1,1
946,15,160.433651122221,1,1
947,6,160.450721138081,1,1
948,19,160.461736615609,1,1
949,17,160.572466283842,1,1
950,4,160.595046040988,1,1
951,19,160.611488802574,1,1
952,14,160.758635707948,1,1
953,15,160.781417362049,1,1
954,16,160.928547933955,1,1
955,5,161.016501106037,1,1
956,16,161.037037507913,1,1
957,15,161.045506537796,1,1
958,5,161.204315039939,1,1
959,15,161.27202237149,1,1
960,19,161.323783336463,1,1
961,13,161.391638492774,1,1
962,19,161.513186268497,1,1
963,10,161.545578128988,1,1
964,9,161.604246655971,1,1
965,14,161.723537712149,1,1
966,16,161.730520642091,1,1
967,8,161.787951916739,1,1
968,15,161.994880328693,1,1
969,18,162.180157815829,1,1
970,11,162.264816939742,1,1
971,2,162.293205977058,1,1
972,10,162.336780575988,1,1
973,4,162.400385076698,1,1
974,3,162.429786546603,1,1
975,10,162.517995707069,1,1
976,8,162.530009535655,1,1
977,12,162.645914132047,1,1
978,17,162.684423073074,1,1
979,7,162.798049007421,1,1
980,3,162.816878742831,1,1
981,11,163.008703727628,1,1
982,4,163.031982928305,1,1
983,14,163.068946801888,1,1
984,16,163.121346080697,1,1
985,4,163.18583495677,1,1
986,4,163.197716663395,1,1
987,15,163.237053341959,1,1
988,17,163.261221220906,1,1
989,1,163.269207730647,1,1
990,9,163.294475134736,1,1
991,11,163.306487541372,1,1
992,15,163.316724022542,1,1
993,19,163.342196035689,1,1
994,10,163.358710962349,1,1
995,4,163.362863996498,1,1
996,15,163.559717476197,1,1
997,15,163.57157087008,1,1
998,8,163.679197024709,1,1
999,2,163.815841942292,1,1
1000,7,163.872868373072,1,1
1001,3,164.020419738903,1,1
1002,9,164.22833795502,1,1
1003,12,164.303413823326,1,1
1004,17,164.504330584894,1,1
1005,4,164.615517682193,1,1
1006,1,164.670121139668,1,1
1007,13,164.69049449557,1,1
1008,12,164.698626066831,1,1
1009,14,164.765160952006,1,1
1010,12,164.798673178834,1,1
1011,15,164.842380616917,1,1
1012,8,165.221019008911,1,1
1013,4,165.287427761162,1,1
1014,2,165.300339317792,1,1
1015,19,165.371658274652,1,1
1016,16,165.502359280195,1,1
1017,10,165.753294639332,1,1
1018,17,165.932910998482,1,1
1019,6,165.996766204245,1,1
1020,16,166.086572018564,1,1
1021,13,166.143857930208,1,1
1022,14,166.260715443164,1,1
1023,16,166.306476977378,1,1
1024,10,166.358190841159,1,1
1025,17,166.385471714376,1,1
1026,1,166.394942685689,1,1
1027,18,166.512565574548,1,1
1028,7,166.574871723746,1,1
1029,16,166.624856211036,1,1
1030,18,166.641454504068,1,1
1031,1,166.675983263989,1,1
1032,3,166.698760635851,1,1
1033,12,166.760682075029,1,1
1034,4,166.821690699454,1,1
1035,10,166.863025090201,1,1
1036,16,166.952674323431,1,1
1037,13,166.988967859215,1,1
1038,11,167.048507406905,1,1
1039,6,167.065342630647,1,1
1040,2,167.279902412863,1,1
1041,19,167.284863237076,1,1
1042,9,167.298746516498,1,1
1043,16,167.354874928047,1,1
1044,10,167.564470497241,1,1
1045,19,167.627984673745,1,1
1046,17,167.804758693527,1,1
1047,16,167.909266789664,1,1
1048,13,168.136522372431,1,1
1049,13,168.167886069921,1,1
1050,10,168.173843426659,1,1
1051,13,168.258116621238,1,1
1052,2,168.275215246911,1,1
1053,3,168.308465583567,1,1
1054,4,168.369714023505,1,1
1055,18,168.393820689612,1,1
1056,2,168.444020415503,1,1
1057,2,168.476432113114,1,1
1058,15,168.605218019254,1,1
1059,18,168.621015713287,1,1
1060,9,168.64720537078,1,1
1061,4,168.792051019434,1,1
1062,9,168.807424405586,1,1
1063,8,168.825622515435,1,1
1064,14,168.848278132241,1,1
1065,11,168.86057571181,1,1
1066,14,168.878207714798,1,1
1067,12,168.902416125543,1,1
1068,12,168.969602085698,1,1
1069,14,168.991231809331,1,1
1070,16,169.000015078273,1,1
1071,20,169.01836776984,1,1
1072,9,169.104782843991,1,1
1073,10,169.139755931862,1,1
1074,12,169.212360074582,1,1
1075,17,169.267206327471,1,1
1076,15,169.285085361343,1,1
1077,19,169.323311966557,1,1
1078,5,169.384166861949,1,1
1079,11,169.459209119799,1,1
1080,10,169.628451354944,1,1
1081,15,169.674894185205,1,1
1082,14,169.734574540247,1,1
1083,11,169.770020932253,1,1
1084,11,169.903974115135,1,1
1085,9,169.954057532281,1,1
1086,2,169.997122499834,1,1
1087,16,170.014139628765,1,1
1088,20,170.033491963889,1,1
1089,11,170.079727230681,1,1
1090,17,170.104490737076,1,1
1091,12,170.111695038219,1,1
1092,2,170.215966795323,1,1
1093,13,170.279941705009,1,1
1094,12,170.316845130441,1,1
1095,7,170.391210448867,1,1
1096,8,170.404212463847,1,1
1097,15,170.441938102508,1,1
1098,18,170.473092604428,1,1
1099,8,170.497910704606,1,1
1100,16,170.528667857535,1,1
1101,17,170.579533187713,1,1
1102,7,170.671266149701,1,1
1103,5,170.757524183038,1,1
1104,16,170.766709863159,1,1
1105,14,170.954732980737,1,1
1106,16,171.307930724662,1,1
1107,14,171.315248403286,1,1
1108,18,171.379205475476,1,1
1109,1,171.601413087244,1,1
1110,7,171.617053247273,1,1
1111,16,171.70345200052,1,1
1112,18,171.786162277079,1,1
1113,2,171.874003054144,1,1
1114,9,171.877120340333,1,1
1115,14,171.892869597056,1,1
1116,19,171.893354961514,1,1
1117,17,171.924384711435,1,1
1118,7,171.989895251925,1,1
1119,17,172.036097868269,1,1
1120,6,172.084903711644,1,1
1121,3,172.1209054037,1,1
1122,10,172.125601218175,1,1
1123,7,172.138622796283,1,1
1124,11,172.165910682352,1,1
1125,14,172.248941175174,1,1
1126,3,172.374253791251,1,1
1127,14,172.452925252481,1,1
1128,11,172.470942442345,1,1
1129,16,172.597653749504,1,1
1130,15,172.818338665507,1,1
1131,15,172.980766774379,1,1
1132,4,173.008717631028,1,1
1133,4,173.014519789883,1,1
1134,1,173.022415738939,1,1
1135,16,173.027558429992,1,1
1136,9,173.033629584357,1,1
1137,20,173.156284862012,1,1
1138,18,173.225594357288,1,1
1139,9,173.416816112247,1,1
1140,1,173.428448491684,1,1
1141,14,173.465092947088,1,1
1142,3,173.602619728255,1,1
1143,15,173.603404342092,1,1
1144,16,173.613052233646,1,1
1145,16,173.631423358286,1,1
1146,13,173.656314168745,1,1
1147,20,173.674381766382,1,1
1148,14,173.695578370455,1,1
1149,9,173.695936442863,1,1
1150,19,173.744395635985,1,1
1151,2,173.751736556815,1,1
1152,12,173.795861349274,1,1
1153,20,173.826606737265,1,1
1154,11,173.846863138844,1,1
1155,15,173.925535140846,1,1
1156,7,173.95042551043,1,1
1157,16,173.996471216961,1,1
1158,15,174.05466342776,1,1
1159,1,174.336798791353,1,1
1160,15,174.340639282652,1,1
1161,11,174.641160343439,1,1
1162,1,174.661830035681,1,1
1163,16,174.701687279546,1,1
1164,5,174.786164190483,1,1
1165,11,174.832105577382,1,1
1166,11,174.836083956231,1,1
1167,18,174.856160072768,1,1
1168,19,174.874802461123,1,1
1169,18,175.010741577958,1,1
1170,16,175.011653857489,1,1
1171,11,175.057057263469,1,1
1172,10,175.099228023048,1,1
1173,12,175.169061849085,1,1
1174,10,175.178432370331,1,1
1175,16,175.276855823289,1,1
1176,1,175.288184580709,1,1
1177,16,175.303587516357,1,1
1178,19,175.452820092568,1,1
1179,15,175.473037469715,1,1
1180,17,175.51874729595,1,1
1181,15,175.548417386458,1,1
1182,18,175.777446742484,1,1
1183,11,175.895553329967,1,1
1184,3,175.895582117244,1,1
1185,16,175.909841879947,1,1
1186,17,175.950831655861,1,1
1187,20,175.994165455536,1,1
1188,11,176.015464487645,1,1
1189,2,176.087851179832,1,1
1190,6,176.173427381039,1,1
1191,14,176.267056547415,1,1
1192,1,176.268683258091,1,1
1193,16,176.269011417598,1,1
1194,11,176.279409374556,1,1
1195,7,176.33045885512,1,1
1196,7,176.35798032661,1,1
1197,4,176.457107727396,1,1
1198,18,176.467703463989,1,1
1199,20,176.485386573282,1,1
1200,11,176.578554555888,1,1
1201,3,176.579407305117,1,1
1202,3,176.587852336233,1,1
1203,19,176.591439154058,1,1
1204,4,176.599640346613,1,1
1205,14,176.623640940447,1,1
1206,7,176.735345278927,1,1
1207,16,176.800717132922,1,1
1208,2,176.821448276664,1,1
1209,19,176.826237719263,1,1
1210,2,176.853163491951,1,1
1211,9,176.983170445954,1,1
1212,14,177.106494064859,1,1
1213,19,177.120105669182,1,1
1214,15,177.144253190421,1,1
1215,5,177.153967495554,1,1
1216,10,177.211711299746,1,1
1217,11,177.214713223939,1,1
1218,7,177.469531856242,1,1
1219,2,177.50956881977,1,1
1220,14,177.536343016907,1,1
1221,11,177.646219108751,1,1
1222,7,177.653680012854,1,1
1223,8,177.692781978582,1,1
1224,16,177.840706342775,1,1
1225,20,177.867856672642,1,1
1226,1,178.126673075261,1,1
1227,11,178.147474747081,1,1
1228,14,178.177074765692,1,1
1229,12,178.232508470312,1,1
1230,14,178.276565549339,1,1
1231,9,178.33467233814,1,1
1232,11,178.361538820402,1,1
1233,3,178.376332691376,1,1
1234,20,178.389407652011,1,1
1235,8,178.434453389732,1,1
1236,2,178.460852075233,1,1
1237,11,178.573460888702,1,1
1238,16,178.576407936492,1,1
1239,15,178.588996216392,1,1
1240,19,178.703248801714,1,1
1241,13,178.783344326014,1,1
1242,18,178.863935424962,1,1
1243,12,178.876887991161,1,1
1244,9,178.97950889209,1,1
1245,8,179.03109183716,1,1
1246,15,179.03176692665,1,1
1247,14,179.047424150118,1,1
1248,4,179.087551615854,1,1
1249,1,179.237449175584,1,1
1250,4,179.258771133035,1,1
1251,3,179.343644400942,1,1
1252,6,179.443298958348,1,1
1253,16,179.474906431952,1,1
1254,9,179.487559594877,1,1
1255,16,179.559943972827,1,1
1256,17,179.593492464643,1,1
1257,16,179.616448319646,1,1
1258,17,179.657653734763,1,1
1259,15,179.666000267712,1,1
1260,16,179.688527354407,1,1
1261,9,179.710450840522,1,1
1262,10,179.859852550618,1,1
1263,1,179.919432140893,1,1
1264,2,180.043548625392,1,1
1265,15,180.068320713085,1,1
1266,14,180.073080140821,1,1
1267,3,180.122649546436,1,1
1268,12,180.160614881761,1,1
1269,19,180.344992461301,1,1
1270,15,180.386382796033,1,1
1271,9,180.584195464162,1,1
1272,9,180.586130720657,1,1
1273,15,180.594155782675,1,1
1274,9,180.636732857612,1,1
1275,8,180.727628710107,1,1
1276,15,180.733835276265,1,1
1277,3,180.814906497796,1,1
1278,4,180.829823681516,1,1
1279,7,180.841427486716,1,1
1280,10,180.851209874552,1,1
1281,11,180.851342273553,1,1
1282,14,180.873834386332,1,1
1283,10,180.875568491221,1,1
1284,16,180.9994050908,1,1
1285,20,181.068810340355,1,1
1286,14,181.076711347617,1,1
1287,1,181.099182924012,1,1
1288,1,181.107788066446,1,1
1289,12,181.151701785994,1,1
1290,12,181.172918201847,1,1
1291,11,181.183576345088,1,1
1292,5,181.36116662144,1,1
1293,18,181.398118231708,1,1
1294,19,181.430696655705,1,1
1295,3,181.481590583254,1,1
1296,2,181.533858638982,1,1
1297,11,181.617585642861,1,1
1298,7,181.638761951772,1,1
1299,12,181.75912335181,1,1
1300,7,181.806856794475,1,1
1301,20,181.867910541948,1,1
1302,6,181.913071083471,1,1
1303,14,181.929148557637,1,1
1304,15,181.978434109508,1,1
1305,9,182.028277972082,1,1
1306,16,182.029214350905,1,1
1307,7,182.04036616256,1,1
1308,15,182.103232036919,1,1
1309,9,182.135702608803,1,1
1310,13,182.225384916583,1,1
1311,10,182.268789041832,1,1
1312,9,182.287925101884,1,1
1313,14,182.29961132828,1,1
1314,20,182.422503422431,1,1
1315,1,182.476476493021,1,1
1316,16,182.50394456842,1,1
1317,11,182.566784090813,1,1
1318,6,182.571860640114,1,1
1319,11,182.628437141854,1,1
1320,16,182.666608118961,1,1
1321,19,182.813657344321,1,1
1322,9,182.819377456625,1,1
1323,4,182.822271164825,1,1
1324,16,182.824213762534,1,1
1325,14,182.865624792669,1,1
1326,5,182.937663495751,1,1
1327,3,182.968687187926,1,1
1328,16,183.039866660893,1,1
1329,14,183.068100804484,1,1
1330,20,183.099072332559,1,1
1331,13,183.116084607401,1,1
1332,2,183.116823080442,1,1
1333,19,183.201029114014,1,1
1334,16,183.261269512276,1,1
1335,16,183.287041063763,1,1
1336,20,183.420321633346,1,1
1337,11,183.488189401657,1,1
1338,20,183.493929782101,1,1
1339,16,183.523571304259,1,1
1340,6,183.573428554426,1,1
1341,17,183.615627382981,1,1
1342,20,183.632829059022,1,1
1343,4,183.638495576252,1,1
1344,20,183.671176255322,1,1
1345,12,183.686894778098,1,1
1346,17,183.775755116903,1,1
1347,12,183.93805140531,1,1
1348,4,183.948686212095,1,1
1349,19,183.975302237212,1,1
1350,14,184.005668784533,1,1
1351,1,184.027188491705,1,1
1352,2,184.033750371972,1,1
1353,4,184.056751454019,1,1
1354,9,184.105559365844,1,1
1355,2,184.125010553509,1,1
1356,17,184.19563051696,1,1
1357,7,184.223145355864,1,1
1358,11,184.240770456415,1,1
1359,10,184.254530613357,1,1
1360,11,184.256934440855,1,1
1361,16,184.264144555342,1,1
1362,14,184.284278642448,1,1
1363,9,184.401944024824,1,1
1364,4,184.406036539333,1,1
1365,18,184.475237568736,1,1
1366,9,184.480291279674,1,1
1367,17,184.512079757906,1,1
1368,19,184.532771514537,1,1
1369,3,184.630175825768,1,1
1370,12,184.686505889613,1,1
1371,18,184.735089377095,1,1
1372,2,184.744220698479,1,1
1373,7,184.80263064806,1,1
1374,13,184.820456507363,1,1
1375,10,184.865058633917,1,1
1376,10,184.909944153291,1,1
1377,15,185.021043695834,1,1
1378,10,185.031811117404,1,1
1379,5,185.087998342164,1,1
1380,2,185.093568806948,1,1
1381,16,185.145416787236,1,1
1382,13,185.161068470079,1,1
1383,20,185.200574208459,1,1
1384,16,185.264120275746,1,1
1385,17,185.285956134239,1,1
1386,16,185.289357270503,1,1
1387,15,185.298973777879,1,1
1388,18,185.325623736841,1,1
1389,13,185.331814072326,1,1
1390,11,185.34024939344,1,1
1391,1,185.377661997834,1,1
1392,7,185.403124229783,1,1
1393,9,185.4731592042,1,1
1394,9,185.639851573756,1,1
1395,13,185.703716473486,1,1
1396,20,185.733889622864,1,1
1397,16,185.806602111126,1,1
1398,16,185.850996263368,1,1
1399,19,185.996603946176,1,1
1400,9,186.001489530352,1,1
1401,7,186.037528407088,1,1
1402,17,186.092285849524,1,1
1403,8,186.130306023594,1,1
1404,1,186.232111548082,1,1
1405,4,186.423979940188,1,1
1406,12,186.502714083956,1,1
1407,18,186.541022497732,1,1
1408,11,186.568046993686,1,1
1409,9,186.578085948249,1,1
1410,1,186.586389950103,1,1
1411,13,186.615638840859,1,1
1412,12,186.618496274644,1,1
1413,14,186.631246919694,1,1
1414,20,186.70250892467,1,1
1415,16,186.752824539455,1,1
1416,19,186.851407711111,1,1
1417,13,186.866148341911,1,1
1418,9,186.901033348749,1,1
1419,2,187.071563597344,1,1
1420,17,187.074070829916,1,1
1421,15,187.108392134405,1,1
1422,11,187.138842471971,1,1
1423,1,187.211350529346,1,1
1424,20,187.230018979625,1,1
1425,10,187.257379504031,1,1
1426,13,187.273768974201,1,1
1427,20,187.299582627747,1,1
1428,20,187.321026222948,1,1
1429,13,187.352661287755,1,1
1430,16,187.441569760773,1,1
1431,16,187.456576479926,1,1
1432,16,187.5068066433,1,1
1433,2,187.535377116958,1,1
1434,14,187.55517273136,1,1
1435,1,187.622271632955,1,1
1436,6,187.798028269593,1,1
1437,11,187.831918942003,1,1
1438,16,187.890557614557,1,1
1439,7,187.942869188323,1,1
1440,12,187.960581835238,1,1
1441,8,188.040868056566,1,1
1442,7,188.048206967619,1,1
1443,13,188.245728473113,1,1
1444,3,188.279927358986,1,1
1445,18,188.337926225435,1,1
1446,16,188.393399507036,1,1
1447,16,188.431934293594,1,1
1448,11,188.447647961333,1,1
1449,3,188.46510550733,1,1
1450,4,188.504873113994,1,1
1451,15,188.522440701819,1,1
1452,8,188.559094956337,1,1
1453,18,188.620388118686,1,1
1454,15,188.630205310052,1,1
1455,7,188.748496840495,1,1
1456,2,188.922973094661,1,1
1457,10,188.962929849625,1,1
1458,12,188.998543904013,1,1
1459,3,189.153433285501,1,1
1460,15,189.222836214378,1,1
1461,6,189.250785465025,1,1
1462,4,189.260809285313,1,1
1463,5,189.261474425428,1,1
1464,4,189.321703265093,1,1
1465,20,189.367861363953,1,1
1466,16,189.435626118098,1,1
1467,5,189.442616058221,1,1
1468,7,189.467941496969,1,1
1469,9,189.520465210873,1,1
1470,11,189.547171448295,1,1
1471,16,189.572080887996,1,1
1472,18,189.635219445979,1,1
1473,6,189.659545993925,1,1
1474,4,189.733157678425,1,1
1475,11,189.838676466537,1,1
1476,16,189.852241573728,1,1
1477,18,189.869947160328,1,1
1478,18,189.888417987424,1,1
1479,9,189.895626006639,1,1
1480,1,189.895918276989,1,1
1481,18,189.923666648035,1,1
1482,17,189.93097832085,1,1
1483,10,190.03599911076,1,1
1484,18,190.069552255118,1,1
1485,15,190.107604502396,1,1
1486,20,190.167799149338,1,1
1487,14,190.184829644005,1,1
1488,16,190.269692567069,1,1
1489,16,190.312512904722,1,1
1490,1,190.352187292207,1,1
1491,1,190.353366919831,1,1
1492,5,190.404381956083,1,1
1493,16,190.45007202931,1,1
1494,14,190.527095337882,1,1
1495,19,190.533899613585,1,1
1496,4,190.565812955742,1,1
1497,15,190.572896586978,1,1
1498,9,190.586473136852,1,1
1499,3,190.610730019185,1,1
1500,14,190.610946301312,1,1
1501,11,190.626650951895,1,1
1502,19,190.667840491256,1,1
1503,10,190.698076304744,1,1
1504,20,190.721470284607,1,1
1505,13,190.724124290158,1,1
1506,16,190.78013289966,1,1
1507,11,190.79731058751,1,1
1508,15,190.849210545511,1,1
1509,13,190.91784119459,1,1
1510,9,190.924583545225,1,1
1511,14,190.938061495213,1,1
1512,4,190.949944824126,1,1
1513,11,191.035622197549,1,1
1514,15,191.036830790514,1,1
1515,16,191.051896809711,1,1
1516,4,191.077874805178,1,1
1517,18,191.094550984755,1,1
1518,16,191.109933654417,1,1
1519,12,191.155271883235,1,1
1520,9,191.259968777038,1,1
1521,16,191.274671575268,1,1
1522,20,191.276659023323,1,1
1523,16,191.303375912671,1,1
1524,16,191.308595695547,1,1
1525,13,191.344046984148,1,1
1526,20,191.380110401364,1,1
1527,4,191.386244504853,1,1
1528,19,191.395038868844,1,1
1529,18,191.436340606705,1,1
1530,17,191.445830738748,1,1
1531,19,191.483462096632,1,1
1532,7,191.495533199959,1,1
1533,13,191.519757499523,1,1
1534,16,191.521150972966,1,1
1535,18,191.626761789628,1,1
1536,12,191.631674911609,1,1
1537,12,191.644548778305,1,1
1538,18,191.701412371196,1,1
1539,14,191.704144257341,1,1
1540,7,191.704924255278,1,1
1541,16,191.706556268271,1,1
1542,14,191.740217149014,1,1
1543,19,191.750510388186,1,1
1544,7,191.789987578349,1,1
1545,11,191.804866745962,1,1
1546,20,191.81120040745,1,1
1547,8,191.81693731764,1,1
1548,19,191.82750428924,1,1
1549,12,191.895899134088,1,1
1550,10,191.905240779379,1,1
1551,5,191.918617432782,1,1
1552,5,191.99565779384,1,1
1553,18,192.040213508205,1,1
1554,18,192.069326394047,1,1
1555,13,192.072900437274,1,1
1556,10,192.091412457307,1,1
1557,15,192.112469280891,1,1
1558,9,192.177237174089,1,1
1559,4,192.177711356772,1,1
1560,14,192.203015170603,1,1
1561,19,192.295038794278,1,1
1562,3,192.302253001359,1,1
1563,3,192.347455632293,1,1
1564,2,192.350610031463,1,1
1565,2,192.382348633514,1,1
1566,1,192.386865988183,1,1
1567,12,192.457762817278,1,1
1568,12,192.463432492657,1,1
1569,9,192.464699022033,1,1
1570,11,192.467978788037,1,1
1571,16,192.476734199706,1,1
1572,20,192.497592879067,1,1
1573,16,192.624492541214,1,1
1574,9,192.638368955917,1,1
1575,10,192.658800104742,1,1
1576,11,192.713977404876,1,1
1577,5,192.768350584489,1,1
1578,13,192.777689656128,1,1
1579,18,192.785133768744,1,1
1580,14,192.803384452378,1,1
1581,9,192.803876327702,1,1
1582,7,192.873256328962,1,1
1583,11,192.930363627622,1,1
1584,7,192.955818836709,1,1
1585,15,192.994427282853,1,1
1586,12,193.034757719284,1,1
1587,19,193.040433230673,1,1
1588,19,193.04073041458,1,1
1589,7,193.051877003131,1,1
1590,10,193.093643157088,1,1
1591,13,193.110048992845,1,1
1592,10,193.153610265448,1,1
1593,9,193.191936872101,1,1
1594,10,193.202406349164,1,1
1595,10,193.204503594081,1,1
1596,9,193.229910823421,1,1
1597,19,193.243382753011,1,1
1598,1,193.26452599963,1,1
1599,2,193.273326622668,1,1
1600,6,193.286349509723,1,1
1601,7,193.290459763015,1,1
1602,16,193.293450003616,1,1
1603,12,193.405086989976,1,1
1604,11,193.41076947361,1,1
1605,4,193.415829702726,1,1
1606,12,193.451073504055,1,1
1607,9,193.46086044454,1,1
1608,16,193.466041172065,1,1
1609,7,193.47938741004,1,1
1610,11,193.574319797732,1,1
1611,11,193.590684432084,1,1
1612,10,193.600795975676,1,1
1613,14,193.616286092896,1,1
1614,14,193.65782313181,1,1
1615,19,193.660644693097,1,1
1616,2,193.682975018682,1,1
1617,12,193.687214746917,1,1
1618,16,193.695320402972,1,1
1619,16,193.700648763009,1,1
1620,7,193.777593046655,1,1
1621,7,193.797642206568,1,1
1622,3,193.80829221431,1,1
1623,18,193.858348488529,1,1
1624,11,193.869353285505,1,1
1625,16,193.876434571714,1,1
1626,1,193.891908544613,1,1
1627,14,193.931993793945,1,1
1628,20,193.933131381423,1,1
1629,11,193.942115039865,1,1
1630,12,193.946017302961,1,1
1631,12,193.993633217376,1,1
1632,13,194.003003612087,1,1
1633,13,194.009682667506,1,1
1634,15,194.029079481736,1,1
1635,4,194.030632618574,1,1
1636,10,194.041237191775,1,1
1637,11,194.04279425498,1,1
1638,16,194.072423852754,1,1
1639,11,194.131041813581,1,1
1640,7,194.155914973561,1,1
1641,16,194.196310356097,1,1
1642,10,194.20450683987,1,1
1643,18,194.214438370034,1,1
1644,16,194.244432107011,1,1
1645,16,194.261609354198,1,1
1646,18,194.267222006438,1,1
1647,16,194.287462296246,1,1
1648,11,194.347117640465,1,1
1649,12,194.351769325621,1,1
1650,8,194.356586645331,1,1
1651,4,194.363220134899,1,1
1652,12,194.385216346862,1,1
1653,6,194.453239103109,1,1
1654,16,194.454289035681,1,1
1655,1,194.460083371358,1,1
1656,10,194.472051413081,1,1
1657,15,194.485888947205,1,1
1658,18,194.496511992223,1,1
1659,16,194.549703645111,1,1
1660,1,194.621262739305,1,1
1661,7,194.636663418315,1,1
1662,11,194.670244323205,1,1
1663,16,194.789701560884,1,1
1664,12,194.800676292393,1,1
1665,20,194.83281294512,1,1
1666,5,194.838332119744,1,1
1667,11,194.873743503852,1,1
1668,11,194.957381076393,1,1
1669,17,195.025882370362,1,1
1670,1,195.061833476653,1,1
1671,16,195.090374282595,1,1
1672,16,195.244050065601,1,1
1673,4,195.247971983714,1,1
1674,3,195.261325134237,1,1
1675,20,195.290466430024,1,1
1676,15,195.331537794649,1,1
1677,4,195.338094016796,1,1
1678,7,195.361975061592,1,1
1679,15,195.372837937266,1,1
1680,16,195.390902289803,1,1
1681,8,195.411639329258,1,1
1682,5,195.46111692016,1,1
1683,2,195.504711043345,1,1
1684,3,195.573110538104,1,1
1685,16,195.578559761123,1,1
1686,1,195.597939194895,1,1
1687,11,195.651872448685,1,1
1688,14,195.691922742108,1,1
1689,16,195.694091062237,1,1
1690,12,195.722409682524,1,1
1691,2,195.754567534095,1,1
1692,10,195.755243723965,1,1
1693,6,195.768835302717,1,1
1694,9,195.782175321228,1,1
1695,16,195.830071574921,1,1
1696,19,195.849099049614,1,1
1697,16,195.860378128261,1,1
1698,18,195.893019194821,1,1
1699,7,195.893340827489,1,1
1700,8,195.968016571173,1,1
1701,16,196.025362223834,1,1
1702,9,196.171504439844,1,1
1703,7,196.176885674698,1,1
1704,4,196.178772001911,1,1
1705,7,196.203214496886,1,1
1706,15,196.267621858109,1,1
1707,16,196.32192711914,1,1
1708,17,196.342331748514,1,1
1709,14,196.346039331947,1,1
1710,14,196.39037893224,1,1
1711,16,196.414941866231,1,1
1712,13,196.432351599736,1,1
1713,5,196.525207747478,1,1
1714,18,196.569459531417,1,1
1715,18,196.620439008991,1,1
1716,9,196.682801851848,1,1
1717,9,196.685480930608,1,1
1718,9,196.687421268036,1,1
1719,4,196.709534624002,1,1
1720,11,196.733007349131,1,1
1721,11,196.744359455247,1,1
1722,18,196.762737077177,1,1
1723,12,196.777931889734,1,1
1724,12,196.787750983932,1,1
1725,16,196.788879908321,1,1
1726,10,196.819789234262,1,1
1727,16,196.853774407277,1,1
1728,16,196.863503768315,1,1
1729,16,196.863852080284,1,1
1730,14,196.872897816504,1,1
1731,4,196.920994116554,1,1
1732,11,197.018759482162,1,1
1733,11,197.040078631252,1,1
1734,12,197.041123185548,1,1
1735,14,197.109849457181,1,1
1736,14,197.111228279092,1,1
1737,10,197.139791909406,1,1
1738,16,197.254025757542,1,1
1739,18,197.27699126345,1,1
1740,16,197.326425484806,1,1
1741,5,197.356039644955,1,1
1742,11,197.372484952257,1,1
1743,16,197.403997972488,1,1
1744,16,197.404471757759,1,1
1745,4,197.407936689149,1,1
1746,13,197.429332741276,1,1
1747,4,197.447138928813,1,1
1748,14,197.461057760209,1,1
1749,12,197.493205417258,1,1
1750,9,197.500082918555,1,1
1751,16,197.560238544116,1,1
1752,10,197.57057288409,1,1
1753,16,197.622629324751,1,1
1754,16,197.625175794239,1,1
1755,15,197.628849484134,1,1
1756,15,197.634850012169,1,1
1757,6,197.648753799751,1,1
1758,1,197.652228167409,1,1
1759,20,197.653302521572,1,1
1760,7,197.65605497942,1,1
1761,3,197.657739508793,1,1
1762,20,197.661173746653,1,1
1763,14,197.70665843407,1,1
1764,14,197.718643106106,1,1
1765,6,197.724833409638,1,1
1766,18,197.816735354868,1,1
1767,10,197.818808970289,1,1
1768,19,197.818901125042,1,1
1769,4,197.841537117857,1,1
1770,2,197.868169798541,1,1
1771,15,197.876291975939,1,1
1772,17,197.887108601656,1,1
1773,20,197.928972777616,1,1
1774,20,197.937331235953,1,1
1775,2,197.94182952819,1,1
1776,9,197.954111676057,1,1
1777,16,198.012120961742,1,1
1778,15,198.034374222482,1,1
1779,3,198.039051661989,1,1
1780,11,198.084683024074,1,1
1781,11,198.149556761057,1,1
1782,16,198.16366346556,1,1
1783,7,198.17318369853,1,1
1784,11,198.187880724789,1,1
1785,16,198.20503987114,1,1
1786,16,198.239343590115,1,1
1787,14,198.261340520009,1,1
1788,11,198.270752605868,1,1
1789,16,198.271223657376,1,1
1790,12,198.279884302353,1,1
1791,16,198.287315328965,1,1
1792,7,198.305074586931,1,1
1793,4,198.39221982114,1,1
1794,11,198.406679980875,1,1
1795,14,198.442060418642,1,1
1796,11,198.451433725945,1,1
1797,4,198.486508092727,1,1
1798,11,198.504609206821,1,1
1799,17,198.532233299843,1,1
1800,16,198.54870847271,1,1
1801,14,198.548741878148,1,1
1802,16,198.563866672559,1,1
1803,6,198.565436976538,1,1
1804,12,198.567765767344,1,1
1805,3,198.604407827306,1,1
1806,11,198.617427167739,1,1
1807,16,198.617495648211,1,1
1808,16,198.624597624771,1,1
1809,16,198.642090916901,1,1
1810,3,198.706823618602,1,1
1811,11,198.707279902629,1,1
1812,3,198.719406876798,1,1
1813,15,198.767216405509,1,1
1814,16,198.785300076004,1,1
1815,14,198.806266852366,1,1
1816,11,198.82245667131,1,1
1817,10,198.870318117026,1,1
1818,15,198.872803911809,1,1
1819,7,198.876916751116,1,1
1820,9,198.879107637752,1,1
1821,6,198.883155878781,1,1
1822,16,198.898374187019,1,1
1823,13,198.940991911361,1,1
1824,11,198.955494457667,1,1
1825,4,198.968901118362,1,1
1826,12,198.972500185441,1,1
1827,14,198.980669167301,1,1
1828,16,198.985150284567,1,1
1829,1,198.989558116239,1,1
1830,11,199.007468258072,1,1
1831,16,199.008761422668,1,1
1832,16,199.018809571124,1,1
1833,11,199.022303748408,1,1
1834,3,199.040416473743,1,1
1835,14,199.044671025182,1,1
1836,15,199.064798349059,1,1
1837,4,199.101189184833,1,1
1838,9,199.101460398193,1,1
1839,9,199.102729300848,1,1
1840,8,199.105702132411,1,1
1841,18,199.116094552385,1,1
1842,13,199.12355622406,1,1
1843,14,199.152139412683,1,1
1844,16,199.193018788335,1,1
1845,16,199.19741051893,1,1
1846,14,199.199632678346,1,1
1847,15,199.209718794243,1,1
1848,12,199.236124810664,1,1
1849,16,199.254017547442,1,1
1850,10,199.26141478836,1,1
1851,16,199.296003183929,1,1
1852,15,199.312629898892,1,1
1853,16,199.360181011879,1,1
1854,12,199.370345631094,1,1
1855,20,199.373356705987,1,1
1856,11,199.419574026083,1,1
1857,9,199.42850128813,1,1
1858,16,199.434891214422,1,1
1859,16,199.46180792502,1,1
1860,11,199.472124709569,1,1
1861,2,199.47818942887,1,1
1862,20,199.479022229511,1,1
1863,9,199.486857923109,1,1
1864,5,199.497090404196,1,1
1865,11,199.502547058404,1,1
1866,15,199.527231697601,1,1
1867,9,199.537537704616,1,1
1868,15,199.543993428924,1,1
1869,11,199.553007857744,1,1
1870,11,199.557612678122,1,1
1871,16,199.569507092331,1,1
1872,13,199.569522199596,1,1
1873,18,199.577964523161,1,1
1874,7,199.590284487768,1,1
1875,11,199.603958544887,1,1
1876,16,199.605329393178,1,1
1877,11,199.622318891727,1,1
1878,20,199.623864835344,1,1
1879,11,199.661468136585,1,1
1880,10,199.670911432308,1,1
1881,16,199.731547755878,1,1
1882,11,199.751375595222,1,1
1883,16,199.754678621608,1,1
1884,9,199.75826807197,1,1
1885,7,199.758928283408,1,1
1886,7,199.759517049862,1,1
1887,16,199.760153985815,1,1
1888,18,199.77126473655,1,1
1889,11,199.821104512212,1,1
1890,11,199.832675269236,1,1
1891,16,199.848083234254,1,1
1892,19,199.882085249718,1,1
1893,10,199.889538927595,1,1
1894,16,199.894918013481,1,1
1895,16,199.903053643105,1,1
1896,12,199.909508169701,1,1
1897,20,199.911347729667,1,1
1898,11,199.912078767636,1,1
1899,11,199.91588058184,1,1
1900,20,199.918845944428,1,1
1901,11,199.927277079241,1,1
1902,16,199.931961507844,1,1
1903,11,199.933792991274,1,1
1904,16,199.934991082882,1,1
1905,12,199.938723580908,1,1
1906,11,199.939732377814,1,1
1907,11,199.951151497188,1,1
1908,11,199.953926058044,1,1
1909,3,199.959197159062,1,1
1910,11,199.961941298615,1,1
1911,11,199.964688480053,1,1
1912,16,199.969773892765,1,1
1913,16,199.986816842062,1,1
1914,16,199.990731627216,1,1
1915,16,200.018709738005,1,1
1916,16,200.026372797325,1,1
1917,11,200.031372736815,1,1
1918,11,200.03582260023,1,1
1919,12,200.036985284647,1,1
1920,20,200.039839215694,1,1
1921,16,200.041610999194,1,1
1922,16,200.042245599664,1,1
1923,11,200.04386168872,1,1
1924,18,200.047014961254,1,1
1925,18,200.047712862929,1,1
1926,11,200.052991363052,1,1
1927,11,200.065914018193,1,1
1928,16,200.069264376751,1,1
1929,16,200.078672098907,1,1
1930,19,200.080631485966,1,1
1931,16,200.080982600441,1,1
1932,14,200.082572841997,1,1
1933,11,200.083897058449,1,1
1934,16,200.085266540525,1,1
1935,11,200.08941934708,1,1
1936,16,200.09100608867,1,1
1937,16,200.09310540564,1,1
1938,16,200.09401775668,1,1
1939,11,200.095349812477,1,1
1940,11,200.098002528016,1,1
1941,11,200.100344438934,1,1
1942,11,200.103044236107,1,1
1943,11,200.103129731695,1,1
1944,11,200.103521322835,1,1
1945,16,200.104317559934,1,1
1946,16,200.104906645555,1,1
1947,16,200.105774441726,1,1
1948,16,200.106472253164,1,1
1949,11,200.107204821976,1,1
1950,11,200.107596596472,1,1
1951,16,200.108010563592,1,1
1952,11,200.108335562548,1,1
1953,11,200.109782859808,1,1
1954,2,200.110181654594,1,1
1955,11,200.114869560326,1,1
1956,16,200.115222142537,1,1
1957,16,200.116315165602,1,1
1958,16,200.116342264857,1,1
1959,11,200.116371064072,1,1
1960,16,200.116382113415,1,1
1961,16,200.119322616926,1,1
1962,11,200.121082782995,1,1
1963,16,200.121575426014,1,1
1964,16,200.122176595717,1,1
1965,16,200.122217235262,1,1
1966,11,200.123146246106,1,1
1967,16,200.123443217647,1,1
1968,11,200.124158461019,1,1
1969,11,200.12466715676,1,1
1970,11,200.12509517901,1,1
1971,16,200.125117918906,1,1
1972,11,200.125158291051,1,1
1973,11,200.125565958703,1,1
1974,16,200.125656948237,1,1
1975,11,200.125878064996,1,1
1976,11,200.125926343642,1,1
1977,11,200.125943090999,1,1
1978,11,200.126422558944,1,1
1979,16,200.126490502214,1,1
1980,16,200.126535510776,1,1
1981,11,200.126679233117,1,1
1982,16,200.126976461189,1,1
1983,16,200.127045026236,1,1
1984,16,200.128087713427,1,1
1985,11,200.12832777292,1,1
1986,16,200.128576121104,1,1
1987,11,200.128652215655,1,1
1988,11,200.128702771789,1,1
1989,11,200.128785183906,1,1
1990,16,200.128798095846,1,1
1991,11,200.128976380123,1,1
1992,16,200.128994813004,1,1
1993,11,200.129178991509,1,1
1994,11,200.129278434885,1,1
1995,11,200.129330262306,1,1
1996,16,200.129387328144,1,1
1997,16,200.129391293519,1,1
1998,11,200.129542117857,1,1
1999,11,200.129589483151,1,1
2000,16,200.129642369902,1,1
