"time","sender","receiver","event_id"
0.702448966787814,13,20,1
1.00398886970684,15,11,2
1.08137385736722,4,20,3
1.52614064496748,16,20,4
1.60505479359883,8,7,5
1.93620208438478,1,6,6
2.73115986619294,17,18,7
3.12176193757232,14,10,8
3.54725478258773,19,17,9
3.64103587603561,4,8,10
4.0281528003015,18,16,11
4.06793653643318,14,15,12
4.47692386131672,9,17,13
4.92316435385673,16,18,14
4.953258176386,12,4,15
5.06205662533211,13,18,16
5.1552389432143,10,9,17
5.71978885700978,20,17,18
6.10483676685024,18,8,19
6.22961343214272,7,12,20
6.43340104529755,3,16,21
6.45126771932761,14,6,22
6.79507875522985,14,17,23
7.188979045823,3,9,24
7.63595753561088,10,17,25
7.7101106065405,3,12,26
7.86280470834318,11,4,27
7.99085971787964,11,17,28
8.1965327503858,6,9,29
8.95337479881665,18,1,30
9.21624479830396,9,3,31
9.24957430210521,10,18,32
9.26850066446406,11,16,33
9.59607133481815,5,20,34
9.79430558108993,1,3,35
9.83075707975158,17,6,36
10.2176964190049,1,9,37
10.3325252928662,3,4,38
10.6456212891308,16,11,39
10.8940650062773,12,2,40
10.9875889066382,3,7,41
11.0742688196567,2,13,42
11.2313497550106,17,4,43
11.6862897704612,19,16,44
12.6211177887162,16,7,45
12.8078822446495,1,3,46
13.2782514989079,2,4,47
13.5073421922543,13,6,48
13.7454990921578,12,15,49
14.6288645518858,11,19,50
14.8811345941735,5,6,51
15.5684805352921,16,15,52
15.8619221146836,14,3,53
15.9915444523197,17,6,54
16.1269535195338,16,10,55
16.1367027277656,18,11,56
16.2188238623505,16,3,57
16.579543264697,13,2,58
17.3325452232526,9,1,59
17.4495446750162,18,5,60
17.4870815954941,7,1,61
17.5389419885518,3,8,62
17.8409674404375,4,20,63
17.9266411499485,3,12,64
17.9628895925423,16,11,65
18.1789258783269,3,12,66
18.3646342163769,4,9,67
18.4024757830874,14,9,68
18.8039693165109,4,11,69
18.8408864411209,6,15,70
19.0037195653746,5,7,71
19.2446904643016,15,17,72
19.6363316545848,5,9,73
20.0763750457682,17,1,74
20.1769822558642,16,3,75
20.1976654589266,4,16,76
20.3559826883729,10,16,77
20.6618287717561,4,8,78
22.5435038874619,18,11,79
22.8150430507501,19,11,80
23.1172955855063,12,8,81
23.1331944166535,20,6,82
23.2640680037095,20,2,83
23.4778722322315,7,9,84
23.8134992405237,14,16,85
23.8247747176716,16,4,86
23.9132846140122,17,12,87
24.4336465557452,18,4,88
24.9479261376478,20,11,89
25.2088341104501,5,10,90
25.9110964587772,4,2,91
26.0879654107254,6,4,92
26.139647342185,1,15,93
26.1718876007323,7,16,94
26.4976413299092,11,17,95
26.6928281314987,15,1,96
27.0042445401802,5,17,97
27.0354333326385,18,16,98
28.4577695977691,16,2,99
28.4981957023746,18,11,100
28.8074784034939,18,15,101
29.180587827409,9,5,102
29.5569499948252,18,11,103
29.6905807585201,11,18,104
29.6988194936107,6,3,105
30.1072189507572,5,14,106
30.8396561772682,5,6,107
31.2392307130845,8,15,108
31.6892713852057,11,3,109
31.8153207104926,3,18,110
31.8783180565396,1,11,111
32.2899147690083,2,16,112
33.100114914285,11,12,113
33.6662082466815,1,12,114
33.7219159412564,3,18,115
34.3912864779693,11,5,116
34.5133226661317,2,3,117
34.6498454758962,16,12,118
34.804747074957,3,7,119
35.1103350825407,16,9,120
35.1270399680673,2,16,121
35.1925419324537,16,20,122
35.5121679163984,16,9,123
35.5922294150522,9,11,124
35.8127744668557,16,8,125
35.8681658634394,16,9,126
36.0697080258464,13,10,127
36.1618284246305,4,3,128
36.3600401208985,16,15,129
36.4551735200334,12,10,130
36.6271428035819,3,9,131
36.6332280591386,10,7,132
36.726145485195,2,17,133
37.2301420845453,9,1,134
37.3341612375983,13,6,135
37.9480999994081,16,19,136
38.2789096514174,16,14,137
38.6016236238683,12,19,138
39.004575768726,4,7,139
39.5207994979637,14,7,140
39.6421335527028,2,15,141
39.9635673520151,14,18,142
39.9723590299233,5,18,143
40.0956544458326,13,14,144
40.1545340930983,5,14,145
40.2118015577986,12,9,146
40.3038436707721,10,8,147
40.8521005498776,7,16,148
41.0462008737951,3,2,149
41.2328811080582,14,11,150
41.5963837861518,7,10,151
41.7645994155682,11,20,152
42.1794021154578,13,12,153
42.7283648358493,16,18,154
42.77029583032,9,20,155
42.9943931692066,13,6,156
43.2000123901837,16,7,157
43.2552685587263,19,20,158
43.3648292356729,10,15,159
43.4367622969469,14,11,160
43.467725745941,19,14,161
43.7449925142064,8,15,162
43.95599920593,8,2,163
44.0077728933565,15,3,164
44.6049154887927,8,14,165
44.745901739329,9,11,166
44.8659683916742,19,20,167
45.5438933921297,13,17,168
45.8791304764653,16,15,169
46.2853959796528,1,19,170
46.3597078841874,12,9,171
46.5542154556222,17,20,172
46.6180646689514,8,13,173
46.7939326305451,8,19,174
47.05133012353,8,2,175
47.3798442734871,14,11,176
47.3948656539852,5,8,177
47.4065365075586,19,12,178
47.7061760462363,8,19,179
47.7735914389756,10,15,180
47.7804358914936,11,16,181
47.8483682551642,16,9,182
48.2334515425911,3,10,183
48.3790786535563,10,16,184
48.5749963871132,3,5,185
48.6086609955245,10,18,186
48.9568312271573,11,1,187
49.0054793701697,16,2,188
49.0519893520341,14,13,189
49.0584506390686,11,18,190
49.0685572153941,11,9,191
50.1235458438329,9,10,192
50.3183578711952,18,14,193
50.808277417401,11,7,194
50.8658330598564,4,11,195
51.4317869545909,15,6,196
51.7201003770422,14,4,197
51.8893806582807,17,11,198
52.3343091809505,14,7,199
52.3689384636516,3,7,200
52.9511261018376,2,8,201
53.3564619376145,8,9,202
53.3654443404894,16,19,203
53.4101846683284,14,18,204
53.8673819501849,1,10,205
54.0987243349202,11,3,206
54.6580017168419,1,19,207
55.0158033446491,6,1,208
55.025611955804,10,7,209
55.1198905436263,10,8,210
55.1490565329381,11,15,211
55.2222412813479,3,18,212
55.5664266162837,16,20,213
55.5814509405485,4,19,214
55.6601543466519,6,20,215
55.666605118383,11,1,216
55.7966957635646,19,2,217
56.0515641717276,7,19,218
56.67145786285,12,17,219
56.8273132280563,2,7,220
57.0429577100006,15,2,221
57.3223394467054,3,10,222
57.3502212233234,15,6,223
57.8493690225904,14,10,224
57.8766329014012,2,20,225
58.0233090182037,3,1,226
58.3944065002068,2,19,227
58.4841297844482,18,19,228
58.6587598017829,9,16,229
58.6847608707237,20,17,230
58.9061058723893,17,1,231
59.205010033194,9,2,232
59.2892912041461,15,11,233
59.4687625749035,12,4,234
60.0285546116953,20,12,235
60.4286727872517,18,12,236
60.6452869193174,13,16,237
60.8286031435459,18,1,238
61.1613673068855,14,1,239
61.3590637891581,18,16,240
61.3881242439757,4,12,241
62.0309605876446,17,5,242
62.04623826591,7,10,243
62.2463978636347,18,20,244
62.7522889625487,7,18,245
63.1424097828253,15,6,246
63.6016288984271,17,8,247
63.6953133631421,19,4,248
63.7485270380705,4,16,249
63.8801060677961,19,3,250
64.1032690634093,16,11,251
64.9610803015173,13,7,252
64.9872205120943,19,4,253
65.7456960837976,2,12,254
65.8612975299568,15,17,255
66.5029595965195,5,15,256
66.6385359337359,11,8,257
67.1667222264752,11,2,258
67.4868662279685,10,6,259
67.6343766333703,18,14,260
67.7013623686845,12,17,261
67.7856514789133,5,13,262
67.8074138503752,4,11,263
67.9899997274512,14,7,264
68.007903326517,2,8,265
68.2962529286995,6,8,266
69.0696600446008,5,15,267
69.4504656111351,14,5,268
70.1748889280034,7,16,269
70.2246182078589,14,8,270
70.3346472675315,20,12,271
70.495660567379,1,5,272
70.7816831254006,19,20,273
70.8381567052401,18,9,274
71.08733968103,18,9,275
71.4868087129931,19,16,276
71.8670041722845,12,7,277
71.9393110982953,1,13,278
72.0855399911583,4,20,279
72.1913913900148,18,20,280
72.3171436227852,5,19,281
72.3971959677511,10,16,282
72.4830917287884,20,2,283
72.5381745840875,2,7,284
72.7976264072878,9,18,285
72.8629439348166,2,13,286
73.0991730211557,8,2,287
73.2752310669339,19,9,288
73.2832443877453,5,20,289
73.7981908547447,3,10,290
73.8839675080408,15,12,291
74.0571108296669,16,15,292
74.1085741513568,5,4,293
74.1406058198832,10,12,294
74.3722034407046,10,1,295
74.518470252904,4,2,296
74.5615890406995,18,13,297
74.7841346401695,15,10,298
75.2121618801902,11,17,299
75.5616040158709,11,17,300
75.5696988926934,10,11,301
75.6086134907838,11,20,302
75.7323718892697,17,3,303
75.8613960404325,17,3,304
76.6001304368952,19,3,305
76.6124516888127,14,19,306
76.6559445283507,5,1,307
76.9505486492629,14,7,308
77.2685134192755,16,14,309
77.3434835080292,18,19,310
77.4949324775615,13,12,311
77.6495963035393,19,20,312
77.936647289149,14,12,313
77.9718065688161,15,1,314
78.6171839469793,17,9,315
78.6785428288557,9,16,316
79.181123544612,17,8,317
79.2539667895727,17,11,318
79.2780766369452,9,11,319
79.860844360229,19,3,320
79.9800971846616,12,8,321
80.3699103095782,13,14,322
80.7721576894397,14,10,323
81.311386358616,10,7,324
81.5137328648353,1,9,325
81.5463016596808,9,20,326
81.5912461077422,13,1,327
81.6482424083895,4,6,328
81.6683621918784,8,7,329
81.9229297147852,3,19,330
82.6188475468546,5,14,331
82.7243483351656,2,1,332
82.9717704067969,11,5,333
83.1634206803131,14,3,334
83.2993364010473,7,15,335
83.5531306917431,10,3,336
83.5884170468115,3,1,337
83.8407355611462,17,10,338
84.2906441784274,11,9,339
84.5100215109179,16,14,340
84.5662260539261,10,9,341
84.629263692365,13,11,342
85.1732465197942,13,3,343
85.2260833044702,1,19,344
85.2436956712494,12,10,345
85.4323743276581,8,19,346
85.8056572049757,14,16,347
86.0041366578817,17,2,348
86.0721575919715,11,16,349
86.1315148859956,17,8,350
86.1393795646443,16,4,351
86.6274515416973,13,5,352
86.6513127486157,13,11,353
86.7105402694111,4,6,354
86.7366896250133,16,9,355
86.8194991863917,17,16,356
87.0528987681491,3,19,357
87.2962504479605,5,8,358
87.3650915296132,11,19,359
87.5748360387472,15,19,360
87.713571452373,18,6,361
87.9691703164624,20,18,362
88.0302230974377,11,16,363
88.3186531082281,17,13,364
88.4194731134837,6,15,365
88.5349091170095,6,19,366
88.6620385072778,10,4,367
89.3671898187662,1,13,368
89.4440496360021,20,19,369
89.4972447857925,14,8,370
89.8346883524944,17,13,371
90.0281648452134,10,3,372
90.2565328829294,19,16,373
90.4516740402443,5,11,374
90.5027912074767,12,6,375
90.5367632080377,3,10,376
90.5431398917039,12,14,377
90.6660819082966,12,3,378
90.8878316019639,1,15,379
90.8909380172373,14,5,380
90.975601874132,15,12,381
90.9968072463799,7,3,382
90.9979206257845,6,9,383
91.1661162399557,15,16,384
91.3655335885597,3,7,385
91.4886996224917,19,16,386
91.5772453953631,15,12,387
91.935362498681,14,9,388
92.1518087176971,4,15,389
92.489096777696,2,14,390
92.5579986347345,10,20,391
92.7891239255033,15,11,392
92.8666975256294,20,3,393
92.9941100326046,3,13,394
93.0063840389314,2,4,395
93.4303179168722,4,18,396
93.5915999033184,2,8,397
93.8631451141454,10,12,398
94.0016717029945,19,7,399
94.0921936137605,7,14,400
94.4373563236738,15,12,401
94.5056697748339,13,5,402
94.7329484837768,5,15,403
94.7426590765656,11,16,404
94.7753819569723,13,1,405
95.0760071124124,18,9,406
95.1306289083214,2,17,407
95.4421128921368,15,5,408
95.5468411267369,12,14,409
95.561003613576,7,14,410
95.5840561080971,1,8,411
96.1370894786523,11,20,412
96.2336297135744,10,7,413
96.5637112347717,16,2,414
96.7642704104715,12,8,415
96.8377415458633,11,3,416
96.9844420115173,20,15,417
97.0171661347265,3,15,418
97.1646746300613,7,4,419
97.4724365884507,10,9,420
97.7029228132076,13,10,421
97.7172018539476,11,3,422
97.8599967321373,9,14,423
98.1071107355679,14,13,424
98.2030752185329,2,11,425
98.3851561788675,8,12,426
98.5609948599769,16,4,427
98.7789243539611,15,1,428
98.7848432056661,19,11,429
98.7910829388355,7,12,430
99.0723757970072,14,16,431
99.1094184654628,16,12,432
99.370188959347,14,10,433
99.3778396610248,6,11,434
99.7101437108426,2,6,435
100.608184829943,12,10,436
100.621082291713,7,1,437
100.749667623406,19,5,438
100.858104050058,3,4,439
101.273490136448,10,17,440
101.284236517253,18,20,441
101.394364569767,11,5,442
101.424434054341,9,20,443
101.592013828564,20,14,444
101.66576408214,10,13,445
101.677461729329,9,3,446
101.793664659609,20,6,447
101.834679917637,20,19,448
101.846421253646,13,3,449
102.211598107015,5,20,450
102.227386132964,16,9,451
102.233232833234,4,15,452
102.249437791458,13,16,453
102.674002703518,1,17,454
102.852875586347,4,9,455
103.049031488251,6,8,456
103.118285644016,1,11,457
103.297112156301,13,16,458
103.35807825829,13,10,459
103.877312776963,8,17,460
104.058507443946,12,17,461
104.08088770812,19,17,462
104.155719244067,9,15,463
104.309758612235,6,12,464
104.355579120492,20,7,465
104.476804573272,16,11,466
104.610429074828,20,4,467
104.636935334367,17,11,468
104.692851698035,4,16,469
104.71617432846,15,8,470
104.731531124733,7,10,471
104.824050635078,15,11,472
105.01683401565,15,4,473
105.038744714199,15,9,474
105.090577468904,4,5,475
105.652734780418,13,15,476
106.095830709315,5,18,477
106.244061333286,6,12,478
106.302755293229,8,18,479
106.545366467581,10,9,480
106.750970184929,8,17,481
106.978868062229,19,20,482
107.36871837387,18,14,483
107.524829493494,7,9,484
107.589174262324,16,14,485
107.624208727717,17,11,486
107.831566190841,11,18,487
107.884205002216,12,8,488
107.983646359319,11,20,489
108.086124776613,17,3,490
108.262265779691,17,14,491
108.32430906941,16,18,492
108.330216686327,10,11,493
108.603642353561,16,1,494
108.609222385449,16,15,495
108.662927165377,15,9,496
108.732854015112,16,4,497
108.795847664858,17,12,498
108.811834610753,14,3,499
109.33474539345,4,11,500
109.348016352448,17,19,501
109.495720996382,12,16,502
109.529791324015,3,16,503
109.551858302334,4,1,504
109.568346682404,5,9,505
109.872992301051,5,11,506
109.988297170349,1,6,507
110.130527650547,20,13,508
110.187942875949,2,4,509
110.268967901701,11,16,510
110.351516184025,7,20,511
110.555268077117,1,15,512
110.698766387153,7,14,513
110.738827513961,20,16,514
110.817767015156,20,3,515
110.833762914471,11,17,516
110.845169553722,18,11,517
111.100600365861,3,20,518
111.62561542509,3,7,519
111.878175767412,14,9,520
112.20889341519,4,7,521
112.292001828531,2,11,522
112.450079545322,11,19,523
112.530759758214,20,5,524
112.690092164365,10,17,525
112.752722912732,3,19,526
112.890777501253,13,10,527
112.90542259172,16,4,528
112.983777089867,13,17,529
113.159599131326,5,12,530
113.168583792969,12,18,531
113.187272114022,15,14,532
113.254411066913,5,4,533
113.382356646643,18,17,534
113.496844203051,11,15,535
113.618623494612,13,15,536
113.72561819774,4,2,537
113.746026036243,5,14,538
113.845493798244,9,8,539
113.911347533329,7,3,540
114.053891112657,18,5,541
114.257485629484,5,18,542
114.298275326146,11,16,543
114.371832862584,9,14,544
114.539775242517,17,3,545
114.575366955788,3,16,546
114.620209928995,16,8,547
114.708899337158,16,11,548
114.805717089957,15,1,549
114.847616088722,14,3,550
114.950159607655,2,15,551
115.017751730297,6,16,552
115.061572341728,6,1,553
115.141932537467,2,12,554
115.3351841785,7,3,555
115.395220708985,11,13,556
115.490095510078,16,12,557
115.510199499503,19,5,558
116.240403112868,18,2,559
116.379293817568,20,16,560
116.567208117115,3,18,561
116.773119040187,20,18,562
116.804709129372,16,14,563
117.93777152538,15,20,564
118.12527286674,6,11,565
118.380824794486,13,5,566
118.583130744758,7,1,567
118.680323669172,3,7,568
118.687281678178,15,8,569
119.082489054144,4,20,570
119.488373841907,18,16,571
120.17940865678,14,6,572
120.223940498879,4,9,573
120.258330499784,4,14,574
120.275603031629,1,10,575
120.418257051813,2,17,576
120.441142447443,2,6,577
120.621584504236,5,13,578
120.644961177998,15,18,579
120.89443233975,2,6,580
121.203663094887,2,3,581
121.223903253306,6,7,582
121.292858610344,3,15,583
121.296942334883,6,2,584
121.412841143131,12,19,585
121.692342489241,10,14,586
122.080731148592,7,3,587
122.103262559105,1,11,588
122.159753842626,16,15,589
122.332478491482,5,15,590
122.378660180872,8,3,591
122.486716577947,11,16,592
122.610119267203,8,3,593
123.046486812256,10,18,594
123.103872114293,2,1,595
123.419228599629,5,8,596
123.585069420275,12,15,597
123.717498797302,2,15,598
123.851188920406,8,12,599
123.883688396556,3,11,600
123.902129031432,10,7,601
123.993432017534,16,11,602
124.3005130332,8,12,603
124.470437906709,6,12,604
124.733318050179,6,17,605
124.735860899779,11,15,606
124.846281968499,14,15,607
124.883726028945,16,14,608
124.913128015109,12,6,609
124.946023441391,12,19,610
124.960602192253,7,10,611
125.174148670712,16,10,612
125.209305814099,17,9,613
125.274996212551,14,7,614
125.726368418943,6,15,615
125.801432674662,17,10,616
125.826990081336,19,17,617
126.004940345568,16,10,618
126.020343434689,5,18,619
126.185169884532,18,15,620
126.214769060182,16,12,621
126.528155616544,9,19,622
126.530349188629,9,12,623
126.530465105157,14,11,624
126.594355507995,7,13,625
126.638628619044,10,11,626
126.657888946923,13,2,627
126.75859547102,9,4,628
126.816287890442,14,7,629
126.818667436029,13,18,630
126.827266570874,1,9,631
126.830014901532,20,19,632
126.854648384925,17,1,633
126.958039930728,11,2,634
126.968517970607,13,12,635
127.082685347296,9,6,636
127.242859291823,8,17,637
127.24848452419,7,16,638
127.358348734734,18,1,639
127.37182997996,12,14,640
127.401885640223,8,19,641
127.485553946461,2,16,642
127.511576849758,19,1,643
127.592407530639,3,5,644
127.672455403577,1,2,645
127.721275759648,12,8,646
127.839906871177,1,20,647
127.895821010097,7,9,648
127.952064624881,11,15,649
128.085913572783,10,5,650
128.247318566717,11,12,651
128.267333680292,11,2,652
128.414961710421,9,11,653
128.467382391257,10,2,654
128.748790896309,16,12,655
128.986525506575,12,16,656
129.114193337759,7,18,657
129.180759715336,12,17,658
129.495585853664,12,7,659
129.552082922427,1,7,660
129.625598525454,18,11,661
129.74866490405,14,12,662
129.775833988865,20,1,663
130.071153613651,13,6,664
130.305599641586,17,4,665
130.49570523791,6,3,666
130.574419152204,8,13,667
130.64480572013,16,11,668
130.665132694227,5,18,669
130.710748577202,4,18,670
131.069239022104,16,12,671
131.106135805933,11,19,672
131.206050359437,6,20,673
131.308329387535,13,2,674
131.39748399138,16,4,675
131.432791693316,2,11,676
131.503619550786,7,12,677
131.505010607446,3,8,678
131.543325636193,20,4,679
131.599181359555,4,7,680
131.860199560607,13,6,681
132.035885360665,12,13,682
132.199716189377,13,8,683
132.293412942399,16,20,684
132.56482849609,11,19,685
132.822475803239,3,8,686
133.082833265471,15,4,687
133.244427815256,6,13,688
133.347913253719,2,15,689
133.53364890367,11,16,690
133.934087214861,15,10,691
134.337618469644,4,13,692
134.404952229169,6,12,693
134.416493404796,2,3,694
134.589346433042,16,15,695
134.776459415955,19,3,696
134.832061919211,6,11,697
134.995518448463,18,20,698
135.203137596997,16,19,699
135.423373908679,3,20,700
135.443913852214,7,17,701
135.637704488563,11,16,702
135.678084768173,5,19,703
135.695008898366,10,6,704
135.755963928289,9,16,705
135.82552563263,4,20,706
136.289670604902,18,11,707
136.318786407533,16,7,708
136.42578679967,3,15,709
136.524326987245,18,20,710
136.762539522436,6,12,711
136.812085012771,3,14,712
136.812282981855,19,9,713
136.957221517935,14,13,714
137.083200231758,11,3,715
137.084370196583,14,7,716
137.206637265732,5,11,717
137.349250255668,18,10,718
137.373756095384,17,10,719
137.376888983222,16,14,720
137.436060162194,13,11,721
137.475615532562,11,8,722
137.650979056132,9,7,723
137.699435984484,15,19,724
137.907658628776,11,17,725
138.034822958527,9,15,726
138.037588272926,10,18,727
138.043823497187,15,13,728
138.226059146014,20,5,729
138.492373328976,11,6,730
138.530471829478,17,18,731
138.610668277682,12,15,732
138.830928600354,4,7,733
139.037583864796,4,13,734
139.163401277518,10,17,735
139.274676357122,7,18,736
139.372925361153,2,6,737
139.624670216456,18,3,738
139.661262583711,9,12,739
139.816783877202,16,12,740
139.916141901199,9,15,741
140.129765323558,18,3,742
140.141150267903,19,8,743
140.452184423166,17,13,744
140.492899481047,1,6,745
140.497043332965,17,16,746
140.678874763305,11,14,747
140.690879364033,12,1,748
140.806380966627,15,19,749
140.83391912458,16,7,750
141.034531140148,14,19,751
141.071037197693,15,3,752
141.08422023272,7,5,753
141.161325259764,11,2,754
141.188340702116,10,1,755
141.271911717826,17,4,756
141.615435339732,18,9,757
141.788046543589,2,4,758
141.892392756173,13,10,759
141.894227575184,15,9,760
142.061355160686,12,20,761
142.070887361157,18,9,762
142.135953050713,14,9,763
142.238477360524,7,9,764
142.262682609282,18,5,765
142.273149952317,8,4,766
142.307998966152,17,2,767
142.350150130821,13,17,768
142.399241898043,4,12,769
142.437854629919,13,8,770
142.448804156459,16,18,771
142.462840118997,18,19,772
142.537071389416,2,10,773
142.736908127195,9,20,774
142.869612734352,7,10,775
142.908928791559,20,13,776
143.024851839235,2,16,777
143.117870528037,2,4,778
143.235535901754,14,10,779
143.34065028314,18,10,780
143.481084920437,15,12,781
143.584387732927,11,4,782
143.604836163288,4,7,783
143.66432950402,4,16,784
143.671230525064,4,19,785
143.779975416282,3,5,786
143.82290525487,19,12,787
144.147441195501,10,8,788
144.165428803667,18,11,789
144.170045646937,19,11,790
144.23562882468,12,7,791
144.339272002891,18,3,792
144.446560431652,4,3,793
144.600018175987,5,12,794
144.682330163629,8,13,795
144.842624045372,1,6,796
144.866368510175,16,12,797
145.143120658052,20,5,798
145.152936623378,12,15,799
145.369959411525,5,18,800
145.478276260231,5,19,801
145.495161311255,10,11,802
145.564247686227,11,19,803
145.61537136228,4,15,804
145.64266871469,14,13,805
145.767767744588,16,12,806
146.028562045939,16,7,807
146.049335794389,16,14,808
146.136750068388,14,18,809
146.334259376126,19,14,810
146.419885778619,10,3,811
146.519781082669,11,12,812
146.628694126524,17,10,813
146.704380570567,5,19,814
146.831814184428,12,20,815
146.873469515539,7,19,816
146.953097833054,9,20,817
147.341469624389,10,3,818
147.40620702359,12,6,819
147.43135973406,7,3,820
147.443209211179,5,3,821
147.580378868453,7,16,822
147.593973944985,5,15,823
147.697669695038,3,12,824
147.719606330794,10,12,825
147.740100636191,6,8,826
147.743036208244,16,19,827
147.830585419857,18,16,828
148.125977380019,11,19,829
148.172259303702,20,19,830
148.217114434405,4,18,831
148.341799783818,2,17,832
148.506868289787,15,5,833
148.639615857482,14,15,834
148.759586308096,4,16,835
148.774358336831,7,19,836
148.918423800395,4,16,837
148.950899081054,16,11,838
149.142013701716,3,15,839
149.244004072355,15,11,840
149.478908499915,15,10,841
149.559875920591,7,12,842
149.565614304483,9,10,843
149.577126709577,16,9,844
149.593179263566,20,8,845
149.716139835324,11,15,846
149.788849728747,16,9,847
149.885241348138,1,9,848
149.971496333262,13,4,849
150.021438859209,16,1,850
150.087596183937,2,7,851
150.521107080252,9,3,852
150.595661084974,14,20,853
150.81281560722,7,10,854
150.879450252452,4,16,855
151.096773118184,12,16,856
151.214811408016,4,18,857
151.397037569076,10,15,858
151.422560552397,10,18,859
151.543389498824,12,2,860
151.81317186822,3,10,861
151.883089844815,10,12,862
151.897206908805,15,3,863
151.972225602751,10,11,864
151.992497117378,15,5,865
152.110080404647,19,1,866
152.11792532732,1,10,867
152.255720854324,14,11,868
152.281903310518,11,19,869
152.304326255442,14,12,870
152.327902812064,13,17,871
152.384962628691,9,16,872
152.559992126481,8,20,873
152.898383954321,10,9,874
152.922429778936,17,8,875
152.93429458362,4,19,876
153.016278883055,10,13,877
153.443838555982,17,4,878
153.450233201837,5,15,879
153.632321358214,12,16,880
153.651357440796,2,8,881
153.839140767689,1,19,882
153.988421427928,15,20,883
154.088848949599,5,16,884
154.118067559207,10,11,885
154.123691315032,3,8,886
154.125940207657,7,13,887
154.300305376585,20,16,888
154.520551426305,20,5,889
154.763042603163,19,5,890
154.801608735979,10,12,891
155.131042696,19,7,892
155.18023644645,2,9,893
155.191419100163,6,17,894
155.307178269602,14,12,895
155.349832686643,14,10,896
155.420746116543,11,9,897
155.491455829555,8,17,898
155.587949668137,3,8,899
155.60480990144,16,10,900
155.676621837433,5,3,901
155.771446310884,13,7,902
156.21038404987,2,3,903
156.247040023319,9,10,904
156.278064280132,18,13,905
156.291179970948,14,6,906
156.30578901033,9,4,907
156.522457666096,2,9,908
156.569423214998,13,17,909
156.64154783287,13,5,910
156.692299995712,14,9,911
156.734467750316,13,10,912
156.750997695531,2,7,913
157.07276774775,12,7,914
157.176310136793,9,17,915
157.18659244531,2,11,916
157.272712238282,1,16,917
157.282495750309,6,5,918
157.30513177937,8,19,919
157.450566864416,11,10,920
157.529031385368,17,9,921
157.60859604956,18,20,922
157.650897231439,11,10,923
157.666740204906,13,6,924
157.766906500226,17,2,925
157.780032412111,18,9,926
157.889978996768,19,1,927
157.987417922428,13,18,928
158.23879834745,8,12,929
158.372553895564,14,16,930
158.726698705255,14,8,931
158.890556528613,9,11,932
158.953976624279,19,12,933
159.083857189715,18,3,934
159.11050901633,3,10,935
159.174274253544,19,4,936
159.174714800518,11,19,937
159.515270159096,4,3,938
159.732100266537,10,11,939
159.783922748412,15,17,940
159.933685232672,4,8,941
159.937791646352,7,11,942
160.090077986088,2,1,943
160.299218077772,3,11,944
160.424132610315,17,12,945
160.433651122221,15,18,946
160.450721138081,6,12,947
160.461736615609,19,1,948
160.572466283842,17,9,949
160.595046040988,4,12,950
160.611488802574,19,20,951
160.758635707948,14,3,952
160.781417362049,15,4,953
160.928547933955,16,11,954
161.016501106037,5,12,955
161.037037507913,16,17,956
161.045506537796,15,9,957
161.204315039939,5,14,958
161.27202237149,15,20,959
161.323783336463,19,15,960
161.391638492774,13,6,961
161.513186268497,19,11,962
161.545578128988,10,15,963
161.604246655971,9,4,964
161.723537712149,14,8,965
161.730520642091,16,4,966
161.787951916739,8,11,967
161.994880328693,15,13,968
162.180157815829,18,12,969
162.264816939742,11,13,970
162.293205977058,2,18,971
162.336780575988,10,20,972
162.400385076698,4,17,973
162.429786546603,3,7,974
162.517995707069,10,3,975
162.530009535655,8,11,976
162.645914132047,12,8,977
162.684423073074,17,20,978
162.798049007421,7,14,979
162.816878742831,3,8,980
163.008703727628,11,3,981
163.031982928305,4,19,982
163.068946801888,14,18,983
163.121346080697,16,11,984
163.18583495677,4,18,985
163.197716663395,4,2,986
163.237053341959,15,20,987
163.261221220906,17,7,988
163.269207730647,1,2,989
163.294475134736,9,18,990
163.306487541372,11,16,991
163.316724022542,15,5,992
163.342196035689,19,8,993
163.358710962349,10,3,994
163.362863996498,4,12,995
163.559717476197,15,19,996
163.57157087008,15,3,997
163.679197024709,8,1,998
163.815841942292,2,7,999
163.872868373072,7,5,1000
164.020419738903,3,12,1001
164.22833795502,9,18,1002
164.303413823326,12,1,1003
164.504330584894,17,4,1004
164.615517682193,4,16,1005
164.670121139668,1,16,1006
164.69049449557,13,7,1007
164.698626066831,12,20,1008
164.765160952006,14,2,1009
164.798673178834,12,19,1010
164.842380616917,15,20,1011
165.221019008911,8,3,1012
165.287427761162,4,2,1013
165.300339317792,2,13,1014
165.371658274652,19,1,1015
165.502359280195,16,18,1016
165.753294639332,10,11,1017
165.932910998482,17,3,1018
165.996766204245,6,11,1019
166.086572018564,16,2,1020
166.143857930208,13,16,1021
166.260715443164,14,15,1022
166.306476977378,16,9,1023
166.358190841159,10,17,1024
166.385471714376,17,6,1025
166.394942685689,1,20,1026
166.512565574548,18,4,1027
166.574871723746,7,15,1028
166.624856211036,16,19,1029
166.641454504068,18,7,1030
166.675983263989,1,10,1031
166.698760635851,3,19,1032
166.760682075029,12,11,1033
166.821690699454,4,10,1034
166.863025090201,10,18,1035
166.952674323431,16,13,1036
166.988967859215,13,17,1037
167.048507406905,11,16,1038
167.065342630647,6,13,1039
167.279902412863,2,20,1040
167.284863237076,19,11,1041
167.298746516498,9,6,1042
167.354874928047,16,6,1043
167.564470497241,10,3,1044
167.627984673745,19,17,1045
167.804758693527,17,6,1046
167.909266789664,16,20,1047
168.136522372431,13,2,1048
168.167886069921,13,9,1049
168.173843426659,10,9,1050
168.258116621238,13,18,1051
168.275215246911,2,6,1052
168.308465583567,3,7,1053
168.369714023505,4,19,1054
168.393820689612,18,15,1055
168.444020415503,2,4,1056
168.476432113114,2,1,1057
168.605218019254,15,9,1058
168.621015713287,18,15,1059
168.64720537078,9,3,1060
168.792051019434,4,3,1061
168.807424405586,9,10,1062
168.825622515435,8,17,1063
168.848278132241,14,1,1064
168.86057571181,11,18,1065
168.878207714798,14,11,1066
168.902416125543,12,11,1067
168.969602085698,12,14,1068
168.991231809331,14,16,1069
169.000015078273,16,20,1070
169.01836776984,20,18,1071
169.104782843991,9,12,1072
169.139755931862,10,18,1073
169.212360074582,12,1,1074
169.267206327471,17,8,1075
169.285085361343,15,19,1076
169.323311966557,19,4,1077
169.384166861949,5,20,1078
169.459209119799,11,19,1079
169.628451354944,10,15,1080
169.674894185205,15,5,1081
169.734574540247,14,19,1082
169.770020932253,11,10,1083
169.903974115135,11,18,1084
169.954057532281,9,7,1085
169.997122499834,2,11,1086
170.014139628765,16,4,1087
170.033491963889,20,9,1088
170.079727230681,11,4,1089
170.104490737076,17,13,1090
170.111695038219,12,6,1091
170.215966795323,2,5,1092
170.279941705009,13,8,1093
170.316845130441,12,3,1094
170.391210448867,7,9,1095
170.404212463847,8,6,1096
170.441938102508,15,18,1097
170.473092604428,18,9,1098
170.497910704606,8,19,1099
170.528667857535,16,12,1100
170.579533187713,17,20,1101
170.671266149701,7,13,1102
170.757524183038,5,11,1103
170.766709863159,16,19,1104
170.954732980737,14,2,1105
171.307930724662,16,14,1106
171.315248403286,14,5,1107
171.379205475476,18,9,1108
171.601413087244,1,16,1109
171.617053247273,7,18,1110
171.70345200052,16,1,1111
171.786162277079,18,3,1112
171.874003054144,2,4,1113
171.877120340333,9,10,1114
171.892869597056,14,19,1115
171.893354961514,19,12,1116
171.924384711435,17,18,1117
171.989895251925,7,3,1118
172.036097868269,17,11,1119
172.084903711644,6,12,1120
172.1209054037,3,9,1121
172.125601218175,10,18,1122
172.138622796283,7,17,1123
172.165910682352,11,10,1124
172.248941175174,14,10,1125
172.374253791251,3,18,1126
172.452925252481,14,9,1127
172.470942442345,11,16,1128
172.597653749504,16,14,1129
172.818338665507,15,13,1130
172.980766774379,15,11,1131
173.008717631028,4,16,1132
173.014519789883,4,17,1133
173.022415738939,1,3,1134
173.027558429992,16,9,1135
173.033629584357,9,16,1136
173.156284862012,20,13,1137
173.225594357288,18,3,1138
173.416816112247,9,16,1139
173.428448491684,1,16,1140
173.465092947088,14,16,1141
173.602619728255,3,17,1142
173.603404342092,15,6,1143
173.613052233646,16,11,1144
173.631423358286,16,11,1145
173.656314168745,13,9,1146
173.674381766382,20,13,1147
173.695578370455,14,3,1148
173.695936442863,9,19,1149
173.744395635985,19,15,1150
173.751736556815,2,12,1151
173.795861349274,12,4,1152
173.826606737265,20,3,1153
173.846863138844,11,10,1154
173.925535140846,15,16,1155
173.95042551043,7,11,1156
173.996471216961,16,3,1157
174.05466342776,15,10,1158
174.336798791353,1,16,1159
174.340639282652,15,3,1160
174.641160343439,11,9,1161
174.661830035681,1,10,1162
174.701687279546,16,9,1163
174.786164190483,5,10,1164
174.832105577382,11,3,1165
174.836083956231,11,19,1166
174.856160072768,18,2,1167
174.874802461123,19,12,1168
175.010741577958,18,15,1169
175.011653857489,16,4,1170
175.057057263469,11,10,1171
175.099228023048,10,19,1172
175.169061849085,12,3,1173
175.178432370331,10,12,1174
175.276855823289,16,20,1175
175.288184580709,1,3,1176
175.303587516357,16,2,1177
175.452820092568,19,12,1178
175.473037469715,15,16,1179
175.51874729595,17,8,1180
175.548417386458,15,10,1181
175.777446742484,18,10,1182
175.895553329967,11,7,1183
175.895582117244,3,7,1184
175.909841879947,16,12,1185
175.950831655861,17,18,1186
175.994165455536,20,7,1187
176.015464487645,11,10,1188
176.087851179832,2,13,1189
176.173427381039,6,16,1190
176.267056547415,14,9,1191
176.268683258091,1,16,1192
176.269011417598,16,4,1193
176.279409374556,11,3,1194
176.33045885512,7,10,1195
176.35798032661,7,9,1196
176.457107727396,4,20,1197
176.467703463989,18,17,1198
176.485386573282,20,9,1199
176.578554555888,11,19,1200
176.579407305117,3,20,1201
176.587852336233,3,4,1202
176.591439154058,19,12,1203
176.599640346613,4,20,1204
176.623640940447,14,20,1205
176.735345278927,7,4,1206
176.800717132922,16,9,1207
176.821448276664,2,13,1208
176.826237719263,19,17,1209
176.853163491951,2,17,1210
176.983170445954,9,18,1211
177.106494064859,14,20,1212
177.120105669182,19,12,1213
177.144253190421,15,16,1214
177.153967495554,5,18,1215
177.211711299746,10,19,1216
177.214713223939,11,16,1217
177.469531856242,7,4,1218
177.50956881977,2,13,1219
177.536343016907,14,12,1220
177.646219108751,11,19,1221
177.653680012854,7,6,1222
177.692781978582,8,9,1223
177.840706342775,16,19,1224
177.867856672642,20,9,1225
178.126673075261,1,9,1226
178.147474747081,11,19,1227
178.177074765692,14,11,1228
178.232508470312,12,14,1229
178.276565549339,14,9,1230
178.33467233814,9,19,1231
178.361538820402,11,8,1232
178.376332691376,3,11,1233
178.389407652011,20,1,1234
178.434453389732,8,13,1235
178.460852075233,2,10,1236
178.573460888702,11,19,1237
178.576407936492,16,3,1238
178.588996216392,15,10,1239
178.703248801714,19,5,1240
178.783344326014,13,6,1241
178.863935424962,18,8,1242
178.876887991161,12,10,1243
178.97950889209,9,11,1244
179.03109183716,8,9,1245
179.03176692665,15,7,1246
179.047424150118,14,11,1247
179.087551615854,4,17,1248
179.237449175584,1,15,1249
179.258771133035,4,12,1250
179.343644400942,3,1,1251
179.443298958348,6,8,1252
179.474906431952,16,19,1253
179.487559594877,9,3,1254
179.559943972827,16,3,1255
179.593492464643,17,13,1256
179.616448319646,16,5,1257
179.657653734763,17,12,1258
179.666000267712,15,18,1259
179.688527354407,16,14,1260
179.710450840522,9,8,1261
179.859852550618,10,20,1262
179.919432140893,1,18,1263
180.043548625392,2,3,1264
180.068320713085,15,3,1265
180.073080140821,14,12,1266
180.122649546436,3,12,1267
180.160614881761,12,19,1268
180.344992461301,19,9,1269
180.386382796033,15,16,1270
180.584195464162,9,12,1271
180.586130720657,9,12,1272
180.594155782675,15,3,1273
180.636732857612,9,19,1274
180.727628710107,8,4,1275
180.733835276265,15,17,1276
180.814906497796,3,7,1277
180.829823681516,4,11,1278
180.841427486716,7,5,1279
180.851209874552,10,7,1280
180.851342273553,11,16,1281
180.873834386332,14,15,1282
180.875568491221,10,4,1283
180.9994050908,16,14,1284
181.068810340355,20,19,1285
181.076711347617,14,12,1286
181.099182924012,1,18,1287
181.107788066446,1,20,1288
181.151701785994,12,8,1289
181.172918201847,12,3,1290
181.183576345088,11,16,1291
181.36116662144,5,19,1292
181.398118231708,18,10,1293
181.430696655705,19,9,1294
181.481590583254,3,12,1295
181.533858638982,2,6,1296
181.617585642861,11,1,1297
181.638761951772,7,12,1298
181.75912335181,12,16,1299
181.806856794475,7,3,1300
181.867910541948,20,8,1301
181.913071083471,6,9,1302
181.929148557637,14,5,1303
181.978434109508,15,7,1304
182.028277972082,9,18,1305
182.029214350905,16,5,1306
182.04036616256,7,12,1307
182.103232036919,15,1,1308
182.135702608803,9,16,1309
182.225384916583,13,19,1310
182.268789041832,10,18,1311
182.287925101884,9,11,1312
182.29961132828,14,13,1313
182.422503422431,20,12,1314
182.476476493021,1,13,1315
182.50394456842,16,13,1316
182.566784090813,11,16,1317
182.571860640114,6,2,1318
182.628437141854,11,9,1319
182.666608118961,16,11,1320
182.813657344321,19,12,1321
182.819377456625,9,10,1322
182.822271164825,4,3,1323
182.824213762534,16,7,1324
182.865624792669,14,11,1325
182.937663495751,5,8,1326
182.968687187926,3,19,1327
183.039866660893,16,14,1328
183.068100804484,14,2,1329
183.099072332559,20,12,1330
183.116084607401,13,9,1331
183.116823080442,2,8,1332
183.201029114014,19,11,1333
183.261269512276,16,11,1334
183.287041063763,16,1,1335
183.420321633346,20,18,1336
183.488189401657,11,20,1337
183.493929782101,20,18,1338
183.523571304259,16,18,1339
183.573428554426,6,17,1340
183.615627382981,17,13,1341
183.632829059022,20,9,1342
183.638495576252,4,19,1343
183.671176255322,20,6,1344
183.686894778098,12,9,1345
183.775755116903,17,12,1346
183.93805140531,12,10,1347
183.948686212095,4,3,1348
183.975302237212,19,10,1349
184.005668784533,14,7,1350
184.027188491705,1,11,1351
184.033750371972,2,7,1352
184.056751454019,4,9,1353
184.105559365844,9,16,1354
184.125010553509,2,17,1355
184.19563051696,17,6,1356
184.223145355864,7,6,1357
184.240770456415,11,4,1358
184.254530613357,10,14,1359
184.256934440855,11,9,1360
184.264144555342,16,12,1361
184.284278642448,14,8,1362
184.401944024824,9,3,1363
184.406036539333,4,14,1364
184.475237568736,18,13,1365
184.480291279674,9,16,1366
184.512079757906,17,16,1367
184.532771514537,19,4,1368
184.630175825768,3,20,1369
184.686505889613,12,19,1370
184.735089377095,18,4,1371
184.744220698479,2,17,1372
184.80263064806,7,3,1373
184.820456507363,13,11,1374
184.865058633917,10,20,1375
184.909944153291,10,20,1376
185.021043695834,15,16,1377
185.031811117404,10,15,1378
185.087998342164,5,19,1379
185.093568806948,2,16,1380
185.145416787236,16,8,1381
185.161068470079,13,11,1382
185.200574208459,20,4,1383
185.264120275746,16,6,1384
185.285956134239,17,11,1385
185.289357270503,16,11,1386
185.298973777879,15,18,1387
185.325623736841,18,12,1388
185.331814072326,13,3,1389
185.34024939344,11,12,1390
185.377661997834,1,17,1391
185.403124229783,7,3,1392
185.4731592042,9,18,1393
185.639851573756,9,18,1394
185.703716473486,13,2,1395
185.733889622864,20,19,1396
185.806602111126,16,11,1397
185.850996263368,16,9,1398
185.996603946176,19,1,1399
186.001489530352,9,8,1400
186.037528407088,7,3,1401
186.092285849524,17,2,1402
186.130306023594,8,3,1403
186.232111548082,1,11,1404
186.423979940188,4,9,1405
186.502714083956,12,19,1406
186.541022497732,18,1,1407
186.568046993686,11,16,1408
186.578085948249,9,16,1409
186.586389950103,1,13,1410
186.615638840859,13,15,1411
186.618496274644,12,19,1412
186.631246919694,14,5,1413
186.70250892467,20,12,1414
186.752824539455,16,1,1415
186.851407711111,19,18,1416
186.866148341911,13,14,1417
186.901033348749,9,16,1418
187.071563597344,2,17,1419
187.074070829916,17,19,1420
187.108392134405,15,9,1421
187.138842471971,11,5,1422
187.211350529346,1,7,1423
187.230018979625,20,18,1424
187.257379504031,10,3,1425
187.273768974201,13,17,1426
187.299582627747,20,17,1427
187.321026222948,20,18,1428
187.352661287755,13,4,1429
187.441569760773,16,10,1430
187.456576479926,16,18,1431
187.5068066433,16,11,1432
187.535377116958,2,20,1433
187.55517273136,14,16,1434
187.622271632955,1,14,1435
187.798028269593,6,3,1436
187.831918942003,11,16,1437
187.890557614557,16,19,1438
187.942869188323,7,4,1439
187.960581835238,12,11,1440
188.040868056566,8,9,1441
188.048206967619,7,10,1442
188.245728473113,13,17,1443
188.279927358986,3,15,1444
188.337926225435,18,19,1445
188.393399507036,16,12,1446
188.431934293594,16,4,1447
188.447647961333,11,14,1448
188.46510550733,3,20,1449
188.504873113994,4,16,1450
188.522440701819,15,6,1451
188.559094956337,8,10,1452
188.620388118686,18,9,1453
188.630205310052,15,9,1454
188.748496840495,7,10,1455
188.922973094661,2,17,1456
188.962929849625,10,15,1457
188.998543904013,12,9,1458
189.153433285501,3,9,1459
189.222836214378,15,3,1460
189.250785465025,6,1,1461
189.260809285313,4,20,1462
189.261474425428,5,11,1463
189.321703265093,4,11,1464
189.367861363953,20,10,1465
189.435626118098,16,11,1466
189.442616058221,5,7,1467
189.467941496969,7,13,1468
189.520465210873,9,1,1469
189.547171448295,11,12,1470
189.572080887996,16,9,1471
189.635219445979,18,11,1472
189.659545993925,6,7,1473
189.733157678425,4,16,1474
189.838676466537,11,16,1475
189.852241573728,16,10,1476
189.869947160328,18,2,1477
189.888417987424,18,3,1478
189.895626006639,9,3,1479
189.895918276989,1,18,1480
189.923666648035,18,2,1481
189.93097832085,17,8,1482
190.03599911076,10,12,1483
190.069552255118,18,10,1484
190.107604502396,15,8,1485
190.167799149338,20,12,1486
190.184829644005,14,20,1487
190.269692567069,16,19,1488
190.312512904722,16,5,1489
190.352187292207,1,4,1490
190.353366919831,1,11,1491
190.404381956083,5,9,1492
190.45007202931,16,3,1493
190.527095337882,14,17,1494
190.533899613585,19,15,1495
190.565812955742,4,13,1496
190.572896586978,15,3,1497
190.586473136852,9,16,1498
190.610730019185,3,4,1499
190.610946301312,14,19,1500
190.626650951895,11,12,1501
190.667840491256,19,11,1502
190.698076304744,10,17,1503
190.721470284607,20,12,1504
190.724124290158,13,4,1505
190.78013289966,16,9,1506
190.79731058751,11,5,1507
190.849210545511,15,5,1508
190.91784119459,13,8,1509
190.924583545225,9,16,1510
190.938061495213,14,16,1511
190.949944824126,4,16,1512
191.035622197549,11,12,1513
191.036830790514,15,3,1514
191.051896809711,16,7,1515
191.077874805178,4,7,1516
191.094550984755,18,9,1517
191.109933654417,16,3,1518
191.155271883235,12,20,1519
191.259968777038,9,13,1520
191.274671575268,16,20,1521
191.276659023323,20,2,1522
191.303375912671,16,11,1523
191.308595695547,16,1,1524
191.344046984148,13,8,1525
191.380110401364,20,9,1526
191.386244504853,4,3,1527
191.395038868844,19,8,1528
191.436340606705,18,7,1529
191.445830738748,17,15,1530
191.483462096632,19,18,1531
191.495533199959,7,9,1532
191.519757499523,13,2,1533
191.521150972966,16,11,1534
191.626761789628,18,9,1535
191.631674911609,12,7,1536
191.644548778305,12,2,1537
191.701412371196,18,9,1538
191.704144257341,14,1,1539
191.704924255278,7,15,1540
191.706556268271,16,11,1541
191.740217149014,14,16,1542
191.750510388186,19,6,1543
191.789987578349,7,4,1544
191.804866745962,11,12,1545
191.81120040745,20,3,1546
191.81693731764,8,7,1547
191.82750428924,19,16,1548
191.895899134088,12,18,1549
191.905240779379,10,12,1550
191.918617432782,5,19,1551
191.99565779384,5,4,1552
192.040213508205,18,14,1553
192.069326394047,18,15,1554
192.072900437274,13,15,1555
192.091412457307,10,7,1556
192.112469280891,15,6,1557
192.177237174089,9,16,1558
192.177711356772,4,12,1559
192.203015170603,14,9,1560
192.295038794278,19,6,1561
192.302253001359,3,9,1562
192.347455632293,3,15,1563
192.350610031463,2,6,1564
192.382348633514,2,17,1565
192.386865988183,1,9,1566
192.457762817278,12,11,1567
192.463432492657,12,11,1568
192.464699022033,9,15,1569
192.467978788037,11,4,1570
192.476734199706,16,13,1571
192.497592879067,20,19,1572
192.624492541214,16,9,1573
192.638368955917,9,10,1574
192.658800104742,10,3,1575
192.713977404876,11,19,1576
192.768350584489,5,3,1577
192.777689656128,13,20,1578
192.785133768744,18,3,1579
192.803384452378,14,10,1580
192.803876327702,9,7,1581
192.873256328962,7,3,1582
192.930363627622,11,9,1583
192.955818836709,7,9,1584
192.994427282853,15,3,1585
193.034757719284,12,7,1586
193.040433230673,19,11,1587
193.04073041458,19,12,1588
193.051877003131,7,11,1589
193.093643157088,10,17,1590
193.110048992845,13,8,1591
193.153610265448,10,9,1592
193.191936872101,9,11,1593
193.202406349164,10,20,1594
193.204503594081,10,15,1595
193.229910823421,9,11,1596
193.243382753011,19,18,1597
193.26452599963,1,3,1598
193.273326622668,2,17,1599
193.286349509723,6,13,1600
193.290459763015,7,3,1601
193.293450003616,16,11,1602
193.405086989976,12,15,1603
193.41076947361,11,16,1604
193.415829702726,4,18,1605
193.451073504055,12,19,1606
193.46086044454,9,19,1607
193.466041172065,16,9,1608
193.47938741004,7,10,1609
193.574319797732,11,18,1610
193.590684432084,11,19,1611
193.600795975676,10,3,1612
193.616286092896,14,16,1613
193.65782313181,14,12,1614
193.660644693097,19,20,1615
193.682975018682,2,13,1616
193.687214746917,12,16,1617
193.695320402972,16,10,1618
193.700648763009,16,11,1619
193.777593046655,7,20,1620
193.797642206568,7,16,1621
193.80829221431,3,15,1622
193.858348488529,18,20,1623
193.869353285505,11,18,1624
193.876434571714,16,11,1625
193.891908544613,1,9,1626
193.931993793945,14,16,1627
193.933131381423,20,13,1628
193.942115039865,11,15,1629
193.946017302961,12,20,1630
193.993633217376,12,20,1631
194.003003612087,13,10,1632
194.009682667506,13,10,1633
194.029079481736,15,19,1634
194.030632618574,4,14,1635
194.041237191775,10,16,1636
194.04279425498,11,5,1637
194.072423852754,16,11,1638
194.131041813581,11,16,1639
194.155914973561,7,9,1640
194.196310356097,16,9,1641
194.20450683987,10,1,1642
194.214438370034,18,10,1643
194.244432107011,16,9,1644
194.261609354198,16,9,1645
194.267222006438,18,16,1646
194.287462296246,16,20,1647
194.347117640465,11,12,1648
194.351769325621,12,5,1649
194.356586645331,8,10,1650
194.363220134899,4,13,1651
194.385216346862,12,6,1652
194.453239103109,6,20,1653
194.454289035681,16,15,1654
194.460083371358,1,15,1655
194.472051413081,10,16,1656
194.485888947205,15,12,1657
194.496511992223,18,9,1658
194.549703645111,16,11,1659
194.621262739305,1,10,1660
194.636663418315,7,8,1661
194.670244323205,11,19,1662
194.789701560884,16,12,1663
194.800676292393,12,9,1664
194.83281294512,20,7,1665
194.838332119744,5,4,1666
194.873743503852,11,18,1667
194.957381076393,11,1,1668
195.025882370362,17,4,1669
195.061833476653,1,9,1670
195.090374282595,16,11,1671
195.244050065601,16,4,1672
195.247971983714,4,15,1673
195.261325134237,3,16,1674
195.290466430024,20,19,1675
195.331537794649,15,17,1676
195.338094016796,4,9,1677
195.361975061592,7,5,1678
195.372837937266,15,6,1679
195.390902289803,16,11,1680
195.411639329258,8,10,1681
195.46111692016,5,15,1682
195.504711043345,2,6,1683
195.573110538104,3,10,1684
195.578559761123,16,9,1685
195.597939194895,1,14,1686
195.651872448685,11,2,1687
195.691922742108,14,1,1688
195.694091062237,16,9,1689
195.722409682524,12,20,1690
195.754567534095,2,8,1691
195.755243723965,10,9,1692
195.768835302717,6,2,1693
195.782175321228,9,12,1694
195.830071574921,16,7,1695
195.849099049614,19,12,1696
195.860378128261,16,9,1697
195.893019194821,18,20,1698
195.893340827489,7,10,1699
195.968016571173,8,19,1700
196.025362223834,16,15,1701
196.171504439844,9,18,1702
196.176885674698,7,12,1703
196.178772001911,4,16,1704
196.203214496886,7,11,1705
196.267621858109,15,19,1706
196.32192711914,16,9,1707
196.342331748514,17,2,1708
196.346039331947,14,16,1709
196.39037893224,14,15,1710
196.414941866231,16,19,1711
196.432351599736,13,15,1712
196.525207747478,5,11,1713
196.569459531417,18,8,1714
196.620439008991,18,14,1715
196.682801851848,9,18,1716
196.685480930608,9,16,1717
196.687421268036,9,14,1718
196.709534624002,4,7,1719
196.733007349131,11,16,1720
196.744359455247,11,9,1721
196.762737077177,18,11,1722
196.777931889734,12,4,1723
196.787750983932,12,19,1724
196.788879908321,16,11,1725
196.819789234262,10,1,1726
196.853774407277,16,9,1727
196.863503768315,16,11,1728
196.863852080284,16,9,1729
196.872897816504,14,15,1730
196.920994116554,4,11,1731
197.018759482162,11,19,1732
197.040078631252,11,4,1733
197.041123185548,12,11,1734
197.109849457181,14,8,1735
197.111228279092,14,10,1736
197.139791909406,10,11,1737
197.254025757542,16,10,1738
197.27699126345,18,15,1739
197.326425484806,16,11,1740
197.356039644955,5,3,1741
197.372484952257,11,12,1742
197.403997972488,16,20,1743
197.404471757759,16,11,1744
197.407936689149,4,17,1745
197.429332741276,13,11,1746
197.447138928813,4,11,1747
197.461057760209,14,3,1748
197.493205417258,12,15,1749
197.500082918555,9,18,1750
197.560238544116,16,11,1751
197.57057288409,10,14,1752
197.622629324751,16,11,1753
197.625175794239,16,4,1754
197.628849484134,15,20,1755
197.634850012169,15,4,1756
197.648753799751,6,8,1757
197.652228167409,1,3,1758
197.653302521572,20,3,1759
197.65605497942,7,14,1760
197.657739508793,3,18,1761
197.661173746653,20,14,1762
197.70665843407,14,10,1763
197.718643106106,14,3,1764
197.724833409638,6,2,1765
197.816735354868,18,9,1766
197.818808970289,10,7,1767
197.818901125042,19,2,1768
197.841537117857,4,16,1769
197.868169798541,2,19,1770
197.876291975939,15,12,1771
197.887108601656,17,6,1772
197.928972777616,20,10,1773
197.937331235953,20,10,1774
197.94182952819,2,16,1775
197.954111676057,9,11,1776
198.012120961742,16,12,1777
198.034374222482,15,20,1778
198.039051661989,3,7,1779
198.084683024074,11,1,1780
198.149556761057,11,8,1781
198.16366346556,16,12,1782
198.17318369853,7,16,1783
198.187880724789,11,17,1784
198.20503987114,16,19,1785
198.239343590115,16,3,1786
198.261340520009,14,16,1787
198.270752605868,11,14,1788
198.271223657376,16,11,1789
198.279884302353,12,17,1790
198.287315328965,16,3,1791
198.305074586931,7,5,1792
198.39221982114,4,9,1793
198.406679980875,11,16,1794
198.442060418642,14,16,1795
198.451433725945,11,16,1796
198.486508092727,4,16,1797
198.504609206821,11,16,1798
198.532233299843,17,14,1799
198.54870847271,16,7,1800
198.548741878148,14,8,1801
198.563866672559,16,11,1802
198.565436976538,6,7,1803
198.567765767344,12,9,1804
198.604407827306,3,20,1805
198.617427167739,11,16,1806
198.617495648211,16,9,1807
198.624597624771,16,9,1808
198.642090916901,16,9,1809
198.706823618602,3,8,1810
198.707279902629,11,16,1811
198.719406876798,3,13,1812
198.767216405509,15,18,1813
198.785300076004,16,11,1814
198.806266852366,14,3,1815
198.82245667131,11,16,1816
198.870318117026,10,11,1817
198.872803911809,15,10,1818
198.876916751116,7,15,1819
198.879107637752,9,16,1820
198.883155878781,6,17,1821
198.898374187019,16,11,1822
198.940991911361,13,16,1823
198.955494457667,11,16,1824
198.968901118362,4,3,1825
198.972500185441,12,8,1826
198.980669167301,14,3,1827
198.985150284567,16,17,1828
198.989558116239,1,20,1829
199.007468258072,11,16,1830
199.008761422668,16,11,1831
199.018809571124,16,10,1832
199.022303748408,11,3,1833
199.040416473743,3,14,1834
199.044671025182,14,19,1835
199.064798349059,15,18,1836
199.101189184833,4,11,1837
199.101460398193,9,15,1838
199.102729300848,9,4,1839
199.105702132411,8,9,1840
199.116094552385,18,6,1841
199.12355622406,13,17,1842
199.152139412683,14,7,1843
199.193018788335,16,10,1844
199.19741051893,16,11,1845
199.199632678346,14,7,1846
199.209718794243,15,10,1847
199.236124810664,12,10,1848
199.254017547442,16,11,1849
199.26141478836,10,20,1850
199.296003183929,16,9,1851
199.312629898892,15,14,1852
199.360181011879,16,11,1853
199.370345631094,12,14,1854
199.373356705987,20,18,1855
199.419574026083,11,16,1856
199.42850128813,9,16,1857
199.434891214422,16,11,1858
199.46180792502,16,11,1859
199.472124709569,11,16,1860
199.47818942887,2,17,1861
199.479022229511,20,12,1862
199.486857923109,9,10,1863
199.497090404196,5,11,1864
199.502547058404,11,9,1865
199.527231697601,15,14,1866
199.537537704616,9,13,1867
199.543993428924,15,3,1868
199.553007857744,11,16,1869
199.557612678122,11,16,1870
199.569507092331,16,11,1871
199.569522199596,13,15,1872
199.577964523161,18,4,1873
199.590284487768,7,5,1874
199.603958544887,11,7,1875
199.605329393178,16,4,1876
199.622318891727,11,3,1877
199.623864835344,20,4,1878
199.661468136585,11,16,1879
199.670911432308,10,20,1880
199.731547755878,16,11,1881
199.751375595222,11,16,1882
199.754678621608,16,11,1883
199.75826807197,9,3,1884
199.758928283408,7,8,1885
199.759517049862,7,14,1886
199.760153985815,16,11,1887
199.77126473655,18,4,1888
199.821104512212,11,15,1889
199.832675269236,11,16,1890
199.848083234254,16,11,1891
199.882085249718,19,7,1892
199.889538927595,10,7,1893
199.894918013481,16,11,1894
199.903053643105,16,11,1895
199.909508169701,12,16,1896
199.911347729667,20,4,1897
199.912078767636,11,16,1898
199.91588058184,11,16,1899
199.918845944428,20,19,1900
199.927277079241,11,16,1901
199.931961507844,16,11,1902
199.933792991274,11,16,1903
199.934991082882,16,11,1904
199.938723580908,12,14,1905
199.939732377814,11,16,1906
199.951151497188,11,16,1907
199.953926058044,11,16,1908
199.959197159062,3,10,1909
199.961941298615,11,16,1910
199.964688480053,11,16,1911
199.969773892765,16,11,1912
199.986816842062,16,11,1913
199.990731627216,16,11,1914
200.018709738005,16,11,1915
200.026372797325,16,11,1916
200.031372736815,11,16,1917
200.03582260023,11,16,1918
200.036985284647,12,9,1919
200.039839215694,20,7,1920
200.041610999194,16,11,1921
200.042245599664,16,4,1922
200.04386168872,11,16,1923
200.047014961254,18,19,1924
200.047712862929,18,19,1925
200.052991363052,11,16,1926
200.065914018193,11,16,1927
200.069264376751,16,20,1928
200.078672098907,16,11,1929
200.080631485966,19,3,1930
200.080982600441,16,11,1931
200.082572841997,14,20,1932
200.083897058449,11,16,1933
200.085266540525,16,11,1934
200.08941934708,11,16,1935
200.09100608867,16,11,1936
200.09310540564,16,11,1937
200.09401775668,16,11,1938
200.095349812477,11,16,1939
200.098002528016,11,16,1940
200.100344438934,11,16,1941
200.103044236107,11,16,1942
200.103129731695,11,16,1943
200.103521322835,11,16,1944
200.104317559934,16,11,1945
200.104906645555,16,11,1946
200.105774441726,16,11,1947
200.106472253164,16,11,1948
200.107204821976,11,16,1949
200.107596596472,11,16,1950
200.108010563592,16,11,1951
200.108335562548,11,16,1952
200.109782859808,11,16,1953
200.110181654594,2,7,1954
200.114869560326,11,16,1955
200.115222142537,16,11,1956
200.116315165602,16,11,1957
200.116342264857,16,11,1958
200.116371064072,11,16,1959
200.116382113415,16,11,1960
200.119322616926,16,11,1961
200.121082782995,11,16,1962
200.121575426014,16,11,1963
200.122176595717,16,11,1964
200.122217235262,16,11,1965
200.123146246106,11,16,1966
200.123443217647,16,11,1967
200.124158461019,11,16,1968
200.12466715676,11,16,1969
200.12509517901,11,16,1970
200.125117918906,16,11,1971
200.125158291051,11,16,1972
200.125565958703,11,16,1973
200.125656948237,16,11,1974
200.125878064996,11,16,1975
200.125926343642,11,16,1976
200.125943090999,11,16,1977
200.126422558944,11,16,1978
200.126490502214,16,11,1979
200.126535510776,16,11,1980
200.126679233117,11,16,1981
200.126976461189,16,11,1982
200.127045026236,16,11,1983
200.128087713427,16,11,1984
200.12832777292,11,16,1985
200.128576121104,16,11,1986
200.128652215655,11,16,1987
200.128702771789,11,16,1988
200.128785183906,11,16,1989
200.128798095846,16,11,1990
200.128976380123,11,16,1991
200.128994813004,16,11,1992
200.129178991509,11,16,1993
200.129278434885,11,16,1994
200.129330262306,11,16,1995
200.129387328144,16,11,1996
200.129391293519,16,11,1997
200.129542117857,11,16,1998
200.129589483151,11,16,1999
200.129642369902,16,11,2000
