"model","mr_level_pct","statistic","true_value","n_seeds","mean_estimate","sd_estimate","mc_se","mean_bias","within_band","rhem_scale"
"REM",0,"difference_active",0.15,28,0.148655201383161,0.0317937387505728,0.00600845185592664,-0.00134479861683851,TRUE,NA
"REM",0,"inertia",0.02,28,0.0171140593649227,0.00676515953527918,0.00127849497928757,-0.00288594063507725,TRUE,NA
"REM",0,"otp",0.03,28,0.0307378678369431,0.00153805398012943,0.000290664881029682,0.000737867836943053,TRUE,NA
"REM",0,"reciprocity",0.1,28,0.101379265042127,0.00875627852311073,0.00165478109875478,0.00137926504212703,TRUE,NA
"REM",0,"same_group",0.4,28,0.392714982080836,0.039876018413493,0.00753585914268106,-0.00728501791916436,TRUE,NA
"REM",2,"difference_active",0.15,28,0.146276548307577,0.0308006274609888,0.00582077146332308,-0.00372345169242252,TRUE,NA
"REM",2,"inertia",0.02,28,0.0185816110072334,0.00721203029780814,0.00136294561541882,-0.00141838899276659,TRUE,NA
"REM",2,"otp",0.03,28,0.0301512765818156,0.00142327131871527,0.000268972996963682,0.000151276581815647,TRUE,NA
"REM",2,"reciprocity",0.1,28,0.0987948740379582,0.00972176455834811,0.00183724080900791,-0.00120512596204182,TRUE,NA
"REM",2,"same_group",0.4,28,0.379114288835238,0.039834522094651,0.00752801707553958,-0.020885711164762,TRUE,NA
"REM",8,"difference_active",0.15,28,0.134730528223468,0.0277163387259624,0.0052378956801518,-0.0152694717765315,TRUE,NA
"REM",8,"inertia",0.02,28,0.0211846011318851,0.00835158849591605,0.00157830187232442,0.00118460113188509,TRUE,NA
"REM",8,"otp",0.03,28,0.02808789183919,0.00147258167976631,0.000278291779277957,-0.00191210816081003,TRUE,NA
"REM",8,"reciprocity",0.1,28,0.094196600657099,0.0104294742969808,0.00197098537821081,-0.005803399342901,TRUE,NA
"REM",8,"same_group",0.4,28,0.350323980888587,0.0391126524068721,0.00739159652747824,-0.0496760191114128,TRUE,NA
"REM",16,"difference_active",0.15,28,0.131828817464313,0.0288633702727487,0.00545466426720483,-0.0181711825356869,TRUE,NA
"REM",16,"inertia",0.02,28,0.0267980854758094,0.0116287938973186,0.00219763547856646,0.00679808547580939,TRUE,NA
"REM",16,"otp",0.03,28,0.0260443377820321,0.00140759389015525,0.000266010241451768,-0.00395566221796795,TRUE,NA
"REM",16,"reciprocity",0.1,28,0.0835767834979591,0.0106517956695318,0.00201300016841829,-0.0164232165020409,TRUE,NA
"REM",16,"same_group",0.4,28,0.313066808987832,0.0399077117712737,0.00754184862431681,-0.0869331910121682,FALSE,NA
"REM",24,"difference_active",0.15,28,0.121323303364767,0.0274769842274016,0.00519266193169635,-0.0286766966352328,TRUE,NA
"REM",24,"inertia",0.02,28,0.0297821919886855,0.0100243522726892,0.00189442451200291,0.00978219198868545,TRUE,NA
"REM",24,"otp",0.03,28,0.0241034673299413,0.00141198457812835,0.000266840003484719,-0.00589653267005869,TRUE,NA
"REM",24,"reciprocity",0.1,28,0.0784904756797768,0.00976752196763522,0.00184588814655165,-0.0215095243202232,TRUE,NA
"REM",24,"same_group",0.4,28,0.284993025382998,0.0334977815425894,0.00633048567386151,-0.115006974617002,FALSE,NA
"RHEM",0,"difference_active",0.15,28,0.155309649580107,0.0422771099056482,0.00798962278292075,0.00530964958010674,TRUE,"raw"
"RHEM",0,"inertia",0.02,28,0.0338981772149249,0.0112021542058604,0.00211700815549307,0.0138981772149249,TRUE,"raw"
"RHEM",0,"otp",0.03,28,0.00104508871192269,0.000486503339172251,9.19404891037346e-05,-0.0289549112880773,TRUE,"raw"
"RHEM",0,"reciprocity",0.1,28,0.0952976210604959,0.0167539208179852,0.00316619342640405,-0.00470237893950409,TRUE,"raw"
"RHEM",0,"same_group",0.4,28,0.423293147606563,0.0664146658914437,0.0125511920968717,0.0232931476065634,TRUE,"raw"
"RHEM",2,"difference_active",0.15,28,0.154756000311898,0.0431494251115577,0.00815447486147051,0.00475600031189766,TRUE,"raw"
"RHEM",2,"inertia",0.02,28,0.0345423569630142,0.0109689996062743,0.00207294607781194,0.0145423569630142,TRUE,"raw"
"RHEM",2,"otp",0.03,28,0.000973260188075893,0.00047562543726659,8.9884758873125e-05,-0.0290267398119241,TRUE,"raw"
"RHEM",2,"reciprocity",0.1,28,0.0945547546393042,0.016359924650984,0.00309173514958991,-0.00544524536069582,TRUE,"raw"
"RHEM",2,"same_group",0.4,28,0.422099141513844,0.0661527815948122,0.0125017006167888,0.0220991415138444,TRUE,"raw"
"RHEM",8,"difference_active",0.15,28,0.155120334485509,0.0433155993541776,0.00818587884149028,0.00512033448550858,TRUE,"raw"
"RHEM",8,"inertia",0.02,28,0.0356444301712491,0.0106866051395654,0.00201957853991677,0.0156444301712491,TRUE,"raw"
"RHEM",8,"otp",0.03,28,0.000769230078317753,0.000438459431464846,8.2861043974768e-05,-0.0292307699216822,TRUE,"raw"
"RHEM",8,"reciprocity",0.1,28,0.0932754788472255,0.016450098256101,0.0031087763591586,-0.00672452115277447,TRUE,"raw"
"RHEM",8,"same_group",0.4,28,0.42818798777542,0.0669941978185274,0.0126607133365778,0.0281879877754196,TRUE,"raw"
"RHEM",16,"difference_active",0.15,28,0.161003925569632,0.0415677432179737,0.00785556507978214,0.0110039255696316,TRUE,"raw"
"RHEM",16,"inertia",0.02,28,0.036389213968694,0.0130184045957143,0.00246024721622002,0.016389213968694,TRUE,"raw"
"RHEM",16,"otp",0.03,28,0.000599303193459094,0.000432157410565649,8.16700739707389e-05,-0.0294006968065409,TRUE,"raw"
"RHEM",16,"reciprocity",0.1,28,0.0893625408156997,0.0151699489252085,0.00286685087554667,-0.0106374591843004,TRUE,"raw"
"RHEM",16,"same_group",0.4,28,0.428231741297422,0.0684313589609537,0.0129323112634911,0.0282317412974219,TRUE,"raw"
"RHEM",24,"difference_active",0.15,28,0.15630534383168,0.0407913989394182,0.00770884980172318,0.00630534383167961,TRUE,"raw"
"RHEM",24,"inertia",0.02,28,0.0383883197391528,0.010885494863146,0.00205716516469682,0.0183883197391528,TRUE,"raw"
"RHEM",24,"otp",0.03,28,0.000499942697634166,0.000411235014255051,7.77161127229261e-05,-0.0295000573023658,TRUE,"raw"
"RHEM",24,"reciprocity",0.1,28,0.0882942313659591,0.0132788118707352,0.00250945956545555,-0.0117057686340409,TRUE,"raw"
"RHEM",24,"same_group",0.4,28,0.434817156019757,0.0642898678090338,0.0121496430031372,0.0348171560197567,TRUE,"raw"
