"message.id","sender.id","receiver.id","time","type","weight"
0,1,1,-0.499525647962379,"add.actor",1
0,2,2,-0.499525647962379,"add.actor",1
0,3,3,-0.499525647962379,"add.actor",1
0,4,4,-0.499525647962379,"add.actor",1
0,5,5,-0.499525647962379,"add.actor",1
0,6,6,-0.499525647962379,"add.actor",1
0,7,7,-0.499525647962379,"add.actor",1
0,8,8,-0.499525647962379,"add.actor",1
0,9,9,-0.499525647962379,"add.actor",1
0,10,10,-0.499525647962379,"add.actor",1
0,11,11,-0.499525647962379,"add.actor",1
0,12,12,-0.499525647962379,"add.actor",1
0,13,13,-0.499525647962379,"add.actor",1
0,14,14,-0.499525647962379,"add.actor",1
0,15,15,-0.499525647962379,"add.actor",1
0,16,16,-0.499525647962379,"add.actor",1
0,17,17,-0.499525647962379,"add.actor",1
0,18,18,-0.499525647962379,"add.actor",1
0,19,19,-0.499525647962379,"add.actor",1
0,20,20,-0.499525647962379,"add.actor",1
0,3,3,-0.499525647962379,"is.group",1
0,6,6,-0.499525647962379,"is.group",1
0,8,8,-0.499525647962379,"is.group",1
0,11,11,-0.499525647962379,"is.group",1
0,12,12,-0.499525647962379,"is.group",1
0,14,14,-0.499525647962379,"is.group",1
0,15,15,-0.499525647962379,"is.group",1
0,16,16,-0.499525647962379,"is.group",1
0,17,17,-0.499525647962379,"is.group",1
0,18,18,-0.499525647962379,"is.group",1
0,19,19,-0.499525647962379,"is.group",1
0,1,1,-0.499525647962379,"active",0.769770095605645
0,2,2,-0.499525647962379,"active",0.117149987242643
0,3,3,-0.499525647962379,"active",-0.212249766262819
0,4,4,-0.499525647962379,"active",0.614160112682264
0,5,5,-0.499525647962379,"active",1.33721003784547
0,6,6,-0.499525647962379,"active",0.403573390941084
0,7,7,-0.499525647962379,"active",1.79323125323249
0,8,8,-0.499525647962379,"active",-0.907193375985873
0,9,9,-0.499525647962379,"active",-0.875306145493958
0,10,10,-0.499525647962379,"active",-0.52316021321569
0,11,11,-0.499525647962379,"active",0.598677934622701
0,12,12,-0.499525647962379,"active",-0.760824782609245
0,13,13,-0.499525647962379,"active",-0.113807426091017
0,14,14,-0.499525647962379,"active",-0.348679075911913
0,15,15,-0.499525647962379,"active",-0.954566894356523
0,16,16,-0.499525647962379,"active",-1.34212831049839
0,17,17,-0.499525647962379,"active",-0.731250562502347
0,18,18,-0.499525647962379,"active",-1.73221846333545
0,19,19,-0.499525647962379,"active",1.11724089468073
0,20,20,-0.499525647962379,"active",0.344089567992749
1,1,20,0.500474352037621,"email",1
2,4,3,0.537353135164883,"email",1
3,10,19,0.804779375128751,"email",1
4,15,19,0.819090035863303,"email",1
5,6,15,1.42412806403637,"email",1
6,3,6,1.87419850485091,"email",1
7,18,14,2.01837706954191,"email",1
8,15,1,2.30624347660081,"email",1
8,15,6,2.30624347660081,"email",1
9,20,16,2.52211575142484,"email",1
10,7,20,2.54886417188658,"email",1
10,7,1,2.54886417188658,"email",1
11,15,1,2.68301270399545,"email",1
12,5,11,2.76148901736768,"email",1
13,15,8,2.9165863235829,"email",1
14,3,13,3.45178153091733,"email",1
15,12,17,4.30404943737669,"email",1
16,9,1,4.98113324400843,"email",1
16,9,2,4.98113324400843,"email",1
17,4,11,5.12296508551476,"email",1
18,19,16,5.58568353205117,"email",1
19,16,11,5.68920006447133,"email",1
20,13,10,5.70487747561817,"email",1
21,18,7,6.26331929397886,"email",1
22,5,20,6.43239294454331,"email",1
23,3,11,6.47128577754126,"email",1
24,2,7,6.82516129917006,"email",1
25,14,16,6.84600969312146,"email",1
26,5,3,6.94118608927634,"email",1
27,9,10,7.1555817623354,"email",1
28,19,6,7.46751473604477,"email",1
29,7,9,7.5436102259165,"email",1
29,7,8,7.5436102259165,"email",1
30,20,4,8.1000352970684,"email",1
31,19,3,8.40749794851058,"email",1
32,6,3,8.43249206602833,"email",1
33,20,19,8.50623649343043,"email",1
34,6,18,8.78762825856386,"email",1
35,2,20,9.76044413340933,"email",1
35,2,13,9.76044413340933,"email",1
36,4,11,9.90919649227398,"email",1
37,3,5,10.4846265121986,"email",1
37,3,14,10.4846265121986,"email",1
38,13,12,10.5182350469067,"email",1
39,4,16,10.5531685797866,"email",1
40,9,12,10.6967789507065,"email",1
41,7,6,10.7423278768054,"email",1
41,7,3,10.7423278768054,"email",1
42,20,9,10.9131016623027,"email",1
43,6,9,11.0748208967774,"email",1
44,11,18,11.2744619821454,"email",1
45,3,11,11.4688866819858,"email",1
46,18,15,11.7950963111256,"email",1
47,9,13,11.8764719584659,"email",1
48,1,8,11.9239169870856,"email",1
49,16,15,11.9372333546389,"email",1
50,15,8,12.4385055282809,"email",1
51,19,20,12.4666985455081,"email",1
52,7,16,13.1256472655096,"email",1
53,3,19,13.2430192235982,"email",1
54,11,3,13.4397318529859,"email",1
55,11,14,13.5483977049284,"email",1
55,11,2,13.5483977049284,"email",1
56,8,17,13.5981137594596,"email",1
57,20,7,13.6301780201575,"email",1
58,2,10,13.6704028092839,"email",1
59,2,12,13.934618363162,"email",1
60,20,13,14.1799554061151,"email",1
61,15,19,14.3729165303436,"email",1
62,12,19,14.4121638704506,"email",1
62,12,10,14.4121638704506,"email",1
63,13,10,14.7791529217306,"email",1
64,20,12,14.8329378571334,"email",1
65,5,16,14.853430443447,"email",1
66,8,16,15.1045215975604,"email",1
67,5,20,15.1536972947053,"email",1
68,8,1,15.5533790419751,"email",1
69,12,20,15.5611137827905,"email",1
69,12,8,15.5611137827905,"email",1
70,6,5,16.3102054840795,"email",1
71,8,5,16.6658172945164,"email",1
72,18,12,16.7007237137041,"email",1
72,18,3,16.7007237137041,"email",1
73,12,20,16.930053922318,"email",1
74,19,8,16.9825188041766,"email",1
74,19,13,16.9825188041766,"email",1
75,5,2,17.6056889220503,"email",1
76,7,5,18.1288298813757,"email",1
77,8,15,18.3869918955805,"email",1
78,11,12,18.5321349776298,"email",1
79,13,18,18.7739476476972,"email",1
80,17,18,18.9407374191458,"email",1
81,5,1,19.0918347107274,"email",1
82,11,9,19.2445026604752,"email",1
83,1,20,19.4453744928372,"email",1
83,1,13,19.4453744928372,"email",1
84,4,13,19.4993088182507,"email",1
85,14,19,19.7015089584268,"email",1
86,19,6,19.960402102726,"email",1
87,1,7,20.6966197735085,"email",1
88,19,17,20.9272454954403,"email",1
89,12,19,21.1821031433768,"email",1
90,17,19,22.1212277223579,"email",1
91,10,8,22.2144293189432,"email",1
92,11,5,22.2767286859324,"email",1
93,10,14,22.348591721687,"email",1
94,1,8,22.385559463343,"email",1
95,17,13,22.6918410974712,"email",1
96,3,14,22.8017729482397,"email",1
96,3,4,22.8017729482397,"email",1
97,3,19,22.942085313458,"email",1
98,14,16,23.18760038492,"email",1
98,14,1,23.18760038492,"email",1
99,9,17,23.8210764821745,"email",1
100,16,19,23.8315631720694,"email",1
100,16,11,23.8315631720694,"email",1
101,1,15,23.9824539042703,"email",1
102,3,20,24.0736541156157,"email",1
102,3,11,24.0736541156157,"email",1
103,17,13,24.9524139582218,"email",1
104,9,18,25.2881580812068,"email",1
105,13,5,25.4620957843097,"email",1
106,13,9,25.6368372167812,"email",1
106,13,19,25.6368372167812,"email",1
107,5,2,25.8300559791657,"email",1
108,8,7,25.8452861514575,"email",1
109,3,16,25.9050474996997,"email",1
109,3,6,25.9050474996997,"email",1
110,6,2,26.0203908671195,"email",1
111,3,8,26.164531947773,"email",1
112,17,10,26.3717539485104,"email",1
113,1,2,26.6405053895,"email",1
114,17,7,27.259021003839,"email",1
115,11,6,27.6026417067951,"email",1
116,6,4,27.6923812855526,"email",1
117,10,18,27.75378093847,"email",1
118,19,15,27.7549886788735,"email",1
119,7,10,28.0000598391628,"email",1
120,19,2,28.0450409193482,"email",1
121,18,15,28.3924438168307,"email",1
122,19,17,28.6281172023356,"email",1
123,10,13,28.8724329048553,"email",1
124,19,14,29.1020172569125,"email",1
125,15,19,29.5574362624981,"email",1
126,20,7,29.9590192531621,"email",1
127,18,1,30.6156837469655,"email",1
128,17,15,30.9706141570763,"email",1
129,12,13,31.8223649843435,"email",1
130,20,16,32.2019795048904,"email",1
131,10,1,32.7788997891578,"email",1
132,6,11,33.0473775964894,"email",1
133,6,19,33.1347341813043,"email",1
133,6,16,33.1347341813043,"email",1
134,18,19,33.604127867345,"email",1
135,16,4,33.7830926851214,"email",1
136,8,7,34.0821276178658,"email",1
137,9,15,34.5061834357859,"email",1
138,19,12,34.7742183992184,"email",1
139,15,3,34.7765982292493,"email",1
140,1,4,35.1040599399056,"email",1
141,19,1,35.2225457637159,"email",1
142,2,8,35.4073201590127,"email",1
142,2,11,35.4073201590127,"email",1
143,4,18,35.5659884122597,"email",1
143,4,20,35.5659884122597,"email",1
144,6,1,35.8447825247612,"email",1
145,17,2,35.9502845672944,"email",1
146,5,15,36.021525463424,"email",1
146,5,17,36.021525463424,"email",1
147,5,3,36.2914296166305,"email",1
148,19,3,36.2943941877429,"email",1
149,16,10,36.4458767542839,"email",1
150,15,17,36.5297844472097,"email",1
151,18,2,36.573302435912,"email",1
152,3,5,37.0053098829768,"email",1
153,10,20,37.0775944667441,"email",1
154,10,2,37.1580443988353,"email",1
155,14,7,38.2534885098035,"email",1
156,17,3,38.3528434504792,"email",1
157,19,12,38.6584289777178,"email",1
158,20,13,38.700330665053,"email",1
159,6,4,38.7122391051942,"email",1
160,17,19,38.8032194068378,"email",1
161,5,2,38.9687247764208,"email",1
162,3,15,39.2580984539331,"email",1
163,19,15,39.8032056105398,"email",1
164,5,1,39.8049676117606,"email",1
165,16,4,40.3012609949459,"email",1
166,2,10,40.4487118580858,"email",1
167,3,4,41.0565193775934,"email",1
168,11,6,41.2898535434654,"email",1
169,7,1,41.3164206937858,"email",1
170,16,18,41.4442247615115,"email",1
171,16,2,41.4717019778513,"email",1
172,20,6,41.5184482719231,"email",1
173,11,5,41.6225982368572,"email",1
174,10,12,41.7674610218693,"email",1
175,11,6,42.0309147892902,"email",1
176,3,17,42.0957165299465,"email",1
177,7,14,42.2720904659238,"email",1
178,16,3,42.6265083019032,"email",1
179,17,8,42.7254975741013,"email",1
180,15,8,43.3281587606667,"email",1
180,15,3,43.3281587606667,"email",1
181,8,9,43.9328817920929,"email",1
182,10,2,44.288104067289,"email",1
183,16,15,44.3768719742967,"email",1
184,20,5,44.9750865020877,"email",1
185,14,1,45.1586554666037,"email",1
185,14,17,45.1586554666037,"email",1
186,13,14,45.4047170222156,"email",1
187,13,12,45.4222632736109,"email",1
188,14,15,45.6333262080914,"email",1
189,8,11,45.8036716711103,"email",1
189,8,12,45.8036716711103,"email",1
190,3,7,46.1349639783256,"email",1
191,2,18,46.3830622777982,"email",1
192,5,6,46.6648647196116,"email",1
193,3,12,46.675726008529,"email",1
194,18,16,46.7142872926097,"email",1
195,16,19,46.9752525227597,"email",1
196,7,8,47.0106563273345,"email",1
197,6,15,47.0188010334984,"email",1
197,6,11,47.0188010334984,"email",1
198,11,18,47.7171976368041,"email",1
199,11,15,47.7446034102516,"email",1
199,11,4,47.7446034102516,"email",1
200,7,13,47.9133092488345,"email",1
201,6,8,47.9159044976033,"email",1
201,6,2,47.9159044976033,"email",1
202,11,13,48.0555766667073,"email",1
203,7,16,48.3194854607904,"email",1
204,8,13,48.3995758298282,"email",1
205,6,19,48.5227821579151,"email",1
206,7,2,48.9490591874724,"email",1
206,7,4,48.9490591874724,"email",1
207,20,5,49.35970406128,"email",1
208,7,18,49.4451360228426,"email",1
209,3,6,49.5316156512659,"email",1
210,8,14,49.834373497705,"email",1
211,18,6,50.202969718909,"email",1
212,7,5,50.3861043403484,"email",1
213,10,12,50.432160991161,"email",1
213,10,2,50.432160991161,"email",1
214,7,11,50.5327897444714,"email",1
215,3,18,50.9123846281297,"email",1
215,3,10,50.9123846281297,"email",1
216,4,17,51.0511884728456,"email",1
216,4,19,51.0511884728456,"email",1
217,10,9,51.1470762230254,"email",1
218,10,4,52.046200322141,"email",1
219,13,18,52.0958366552703,"email",1
220,14,2,52.2156966038988,"email",1
221,10,18,52.7638140631971,"email",1
222,9,2,52.8368554915109,"email",1
223,13,14,53.1177660418867,"email",1
224,6,12,53.1646117130338,"email",1
225,16,17,53.4517027724323,"email",1
226,15,2,53.9191596463831,"email",1
227,18,16,55.2396674090724,"email",1
228,8,11,55.388734769232,"email",1
229,11,19,55.412838054608,"email",1
230,19,8,56.2510309058757,"email",1
231,1,20,56.314552518992,"email",1
232,7,15,56.3665022326163,"email",1
233,7,13,56.8701581037978,"email",1
234,7,12,56.9215477917963,"email",1
234,7,13,56.9215477917963,"email",1
235,1,9,57.2562831109778,"email",1
236,19,15,57.8517791620484,"email",1
237,13,10,58.1100352067575,"email",1
237,13,3,58.1100352067575,"email",1
238,16,11,58.2468853536324,"email",1
238,16,19,58.2468853536324,"email",1
239,11,14,58.3839933213746,"email",1
240,1,2,59.4637574375512,"email",1
241,3,17,59.6075231490432,"email",1
241,3,8,59.6075231490432,"email",1
242,9,20,59.7054578057027,"email",1
242,9,10,59.7054578057027,"email",1
243,8,13,59.9794574869805,"email",1
244,5,1,60.3033595177427,"email",1
245,15,7,60.3726897589655,"email",1
246,8,14,60.448079124965,"email",1
246,8,18,60.448079124965,"email",1
247,9,13,60.4720245764952,"email",1
248,12,6,61.1727608007846,"email",1
249,3,12,61.2951138195497,"email",1
250,5,14,61.3269043668297,"email",1
251,20,16,61.6996055055616,"email",1
252,11,16,61.7288741670532,"email",1
253,13,10,61.7705056223026,"email",1
254,11,16,62.4065270479374,"email",1
255,9,12,62.6650261714726,"email",1
256,4,2,62.8429572730804,"email",1
257,8,19,62.902862995049,"email",1
258,5,6,62.9915262128659,"email",1
259,7,15,63.0117593747394,"email",1
260,17,9,63.2392331683108,"email",1
261,15,1,63.2749386799689,"email",1
262,10,13,63.496687827081,"email",1
263,2,9,63.6067811414634,"email",1
263,2,11,63.6067811414634,"email",1
264,2,4,63.9053303897008,"email",1
265,3,12,63.9377882869899,"email",1
266,6,11,64.6100969491872,"email",1
266,6,18,64.6100969491872,"email",1
267,2,11,64.8567721241347,"email",1
268,1,13,65.1549726007411,"email",1
269,14,13,65.3363545216963,"email",1
270,18,11,65.4137536306561,"email",1
271,6,11,65.6178944620987,"email",1
272,7,18,65.8133715365443,"email",1
272,7,10,65.8133715365443,"email",1
273,13,9,65.8598894666671,"email",1
274,7,8,66.780593358244,"email",1
275,18,1,66.9226275247514,"email",1
276,13,2,66.948777966197,"email",1
277,9,18,67.4177378985472,"email",1
278,15,5,67.8826186021999,"email",1
279,10,12,68.1362275762787,"email",1
280,19,12,68.5369979632568,"email",1
281,16,15,68.6070779505894,"email",1
281,16,6,68.6070779505894,"email",1
282,7,12,68.7283898083255,"email",1
283,11,6,69.4825970326688,"email",1
283,11,8,69.4825970326688,"email",1
284,18,19,69.9475659772714,"email",1
285,3,15,70.0244044529178,"email",1
286,10,4,70.3232842873877,"email",1
287,11,17,70.3891187969959,"email",1
288,7,16,70.4232341755893,"email",1
288,7,4,70.4232341755893,"email",1
289,7,6,70.5088699855304,"email",1
289,7,5,70.5088699855304,"email",1
290,20,3,70.5334083238809,"email",1
291,13,4,70.9291515347789,"email",1
291,13,2,70.9291515347789,"email",1
292,12,1,71.0378192613852,"email",1
293,1,6,71.1422798073509,"email",1
294,13,14,71.2709987079905,"email",1
295,15,14,71.7162214300415,"email",1
295,15,12,71.7162214300415,"email",1
296,9,2,71.7175798520421,"email",1
297,10,13,71.7643337653886,"email",1
298,15,11,71.9525963124504,"email",1
299,16,1,72.0667389048646,"email",1
299,16,15,72.0667389048646,"email",1
300,10,17,72.2892989851633,"email",1
301,13,9,72.6163771554483,"email",1
302,16,2,72.6609426794529,"email",1
303,3,7,73.2321872260916,"email",1
304,2,9,73.3649857224989,"email",1
305,2,16,73.9218224285382,"email",1
306,3,11,74.1070979155439,"email",1
307,3,1,74.1145522195581,"email",1
307,3,2,74.1145522195581,"email",1
308,14,3,74.3362332260274,"email",1
309,17,7,74.3489253151296,"email",1
310,15,14,74.5835440639628,"email",1
311,16,10,75.6783091541758,"email",1
312,17,9,75.7503119413138,"email",1
312,17,13,75.7503119413138,"email",1
313,3,18,75.8729613100986,"email",1
313,3,16,75.8729613100986,"email",1
314,11,4,75.9681603005273,"email",1
315,5,8,76.4946178644533,"email",1
316,14,19,76.6009183053358,"email",1
316,14,5,76.6009183053358,"email",1
317,9,2,76.7463884651656,"email",1
318,14,15,77.3586585428667,"email",1
319,5,11,77.898429886256,"email",1
319,5,6,77.898429886256,"email",1
320,19,3,78.0811071577997,"email",1
321,2,1,78.1206426633396,"email",1
322,13,12,78.4220479445366,"email",1
323,3,11,78.5584072163986,"email",1
323,3,9,78.5584072163986,"email",1
324,6,19,78.7334461214515,"email",1
325,10,12,78.7572978563946,"email",1
326,14,13,80.0852496232182,"email",1
327,18,15,80.1299413078804,"email",1
328,7,20,80.4489395267294,"email",1
329,13,20,80.5741148626265,"email",1
330,18,6,80.9683367081999,"email",1
331,19,3,81.110897981732,"email",1
332,16,1,81.2451204071004,"email",1
333,4,8,81.3085378275016,"email",1
334,14,15,81.4772166049679,"email",1
335,6,15,81.556439462763,"email",1
336,20,8,81.8734775957091,"email",1
337,19,13,81.9350638316037,"email",1
338,20,5,81.9453634928946,"email",1
339,12,18,82.5378907816081,"email",1
339,12,16,82.5378907816081,"email",1
340,16,10,82.602610086042,"email",1
340,16,3,82.602610086042,"email",1
341,18,12,82.7120768385384,"email",1
342,19,18,82.8462209342982,"email",1
343,20,1,83.2910460648312,"email",1
344,10,12,83.3649451089615,"email",1
345,7,5,83.6568651866889,"email",1
346,16,20,83.7754336014541,"email",1
347,6,2,83.8044049927143,"email",1
347,6,3,83.8044049927143,"email",1
348,19,5,83.8586847369865,"email",1
349,5,1,84.2113284694635,"email",1
350,2,10,84.5486294271127,"email",1
351,11,13,84.6007060310726,"email",1
352,13,18,84.6094521688921,"email",1
352,13,12,84.6094521688921,"email",1
353,16,12,84.6946675045726,"email",1
354,11,2,85.0536633727563,"email",1
355,4,16,85.0715600807349,"email",1
356,14,7,85.5343797690979,"email",1
357,8,9,85.5897236050103,"email",1
358,11,19,85.725356579944,"email",1
359,3,8,85.9283390471569,"email",1
359,3,20,85.9283390471569,"email",1
360,11,6,86.3008390758988,"email",1
361,14,11,86.4755238040674,"email",1
362,9,13,86.8596989926949,"email",1
363,15,6,86.8925761563131,"email",1
364,9,6,87.342236333324,"email",1
365,19,11,87.6713776691951,"email",1
366,12,20,87.8809612691288,"email",1
367,2,7,88.0960777445554,"email",1
368,10,16,88.3666415717276,"email",1
369,7,8,88.4175096437056,"email",1
370,4,7,88.4663695349865,"email",1
371,9,18,88.4822289980053,"email",1
372,7,10,89.0116719494674,"email",1
373,5,20,89.0968046233685,"email",1
374,4,9,89.1328678032958,"email",1
374,4,5,89.1328678032958,"email",1
375,19,3,89.180344525226,"email",1
376,11,12,89.1891834737674,"email",1
377,6,14,89.290464495822,"email",1
377,6,8,89.290464495822,"email",1
378,14,17,89.4066354823517,"email",1
379,3,7,90.1394310142262,"email",1
380,3,20,90.6925975574027,"email",1
381,14,3,90.8467092988022,"email",1
381,14,5,90.8467092988022,"email",1
382,16,15,90.9445129815391,"email",1
382,16,1,90.9445129815391,"email",1
383,10,18,91.6758971270598,"email",1
384,6,19,91.8656254795729,"email",1
385,9,19,91.8697078349709,"email",1
386,17,11,91.9865948766506,"email",1
386,17,4,91.9865948766506,"email",1
387,12,20,92.040168168275,"email",1
388,5,16,92.2336770554808,"email",1
389,2,14,92.2623930077145,"email",1
390,6,3,92.7180260359185,"email",1
391,17,18,93.0203774469838,"email",1
392,12,13,93.3083662984018,"email",1
393,15,8,93.4950110968099,"email",1
394,19,4,93.5457143174175,"email",1
395,11,19,93.7792198165534,"email",1
395,11,5,93.7792198165534,"email",1
396,10,6,93.8179688342706,"email",1
396,10,3,93.8179688342706,"email",1
397,5,20,93.9392861176759,"email",1
397,5,10,93.9392861176759,"email",1
398,17,20,93.945846786487,"email",1
399,20,1,94.0215875591646,"email",1
400,16,15,94.7218008072086,"email",1
401,15,11,94.8370632961933,"email",1
402,11,14,95.2155250292388,"email",1
403,11,19,95.4731725541029,"email",1
403,11,14,95.4731725541029,"email",1
404,18,19,95.4918961206507,"email",1
404,18,14,95.4918961206507,"email",1
405,8,3,95.5533062651083,"email",1
406,10,4,95.6989306650017,"email",1
407,15,12,95.7303106717762,"email",1
408,13,4,95.8785446203163,"email",1
409,15,9,96.0610868671989,"email",1
410,5,8,96.0987540028455,"email",1
411,19,10,96.3215764008461,"email",1
412,6,7,96.3375585318021,"email",1
413,16,19,96.5933641647366,"email",1
414,3,15,96.7171106544707,"email",1
415,20,12,97.4356297480639,"email",1
416,17,8,97.4516930710968,"email",1
417,6,20,97.531214234791,"email",1
417,6,17,97.531214234791,"email",1
418,3,11,98.261887198735,"email",1
419,10,6,98.4097969104605,"email",1
420,9,13,98.632496480418,"email",1
421,2,19,98.6407041554656,"email",1
421,2,15,98.6407041554656,"email",1
422,10,8,98.7952625927714,"email",1
423,11,18,99.004862598476,"email",1
424,6,14,99.1306645457559,"email",1
425,18,11,99.1320729601868,"email",1
426,9,17,99.3752518091834,"email",1
427,16,14,99.8810251841302,"email",1
428,19,20,99.9625205459654,"email",1
429,13,14,100.035683428542,"email",1
429,13,12,100.035683428542,"email",1
430,17,3,100.043106381037,"email",1
431,18,1,100.56131024702,"email",1
432,17,19,100.569014855796,"email",1
433,13,19,100.763032867547,"email",1
434,17,6,101.021657349866,"email",1
435,11,15,101.219909947926,"email",1
436,18,16,101.2570853286,"email",1
437,5,14,101.260970078157,"email",1
438,7,9,101.36614812266,"email",1
439,11,6,101.395733496268,"email",1
439,11,2,101.395733496268,"email",1
440,6,20,101.732410195494,"email",1
441,15,17,102.079199195053,"email",1
441,15,8,102.079199195053,"email",1
442,14,19,102.090090775149,"email",1
443,19,8,102.093050066337,"email",1
443,19,4,102.093050066337,"email",1
444,8,18,102.100472278195,"email",1
445,8,15,102.222935841717,"email",1
446,10,8,102.722131782311,"email",1
447,9,7,102.724498822117,"email",1
448,12,10,102.985804200084,"email",1
449,14,13,103.090637328855,"email",1
450,7,4,103.255473057425,"email",1
450,7,17,103.255473057425,"email",1
451,6,16,103.425101400928,"email",1
452,10,20,103.626603974736,"email",1
453,20,5,103.837155286884,"email",1
454,16,12,104.021049552776,"email",1
455,11,16,104.046047321892,"email",1
456,18,12,104.093970699148,"email",1
456,18,19,104.093970699148,"email",1
457,3,8,104.116937208443,"email",1
458,3,6,104.17026902484,"email",1
459,1,7,104.293076498073,"email",1
460,2,17,104.296621771031,"email",1
461,19,16,104.541685162543,"email",1
462,9,15,104.63271080674,"email",1
462,9,18,104.63271080674,"email",1
463,19,17,104.64175045576,"email",1
464,16,11,104.814443057186,"email",1
465,8,12,104.851007621757,"email",1
466,6,8,104.865347351207,"email",1
467,6,9,104.923527003162,"email",1
467,6,7,104.923527003162,"email",1
468,3,18,105.295647544827,"email",1
469,3,1,105.403258625848,"email",1
470,16,20,105.801056813064,"email",1
471,14,6,106.013639076965,"email",1
472,3,15,106.101670660017,"email",1
472,3,4,106.101670660017,"email",1
473,19,11,106.130208288504,"email",1
473,19,10,106.130208288504,"email",1
474,17,7,106.142787391617,"email",1
474,17,11,106.142787391617,"email",1
475,1,13,106.206165880073,"email",1
475,1,19,106.206165880073,"email",1
476,15,17,106.484146032699,"email",1
477,16,14,106.484283185471,"email",1
478,8,5,107.230242500194,"email",1
479,12,18,107.262028756754,"email",1
480,8,11,107.376751750681,"email",1
481,7,12,108.06828512231,"email",1
482,15,11,108.077258812039,"email",1
483,4,18,108.086783293111,"email",1
484,19,18,108.187012747777,"email",1
485,11,12,108.332562435466,"email",1
486,12,6,108.339173692406,"email",1
487,6,1,108.371269433847,"email",1
488,11,17,108.731524913414,"email",1
489,2,11,108.86258931665,"email",1
490,16,5,109.18443072807,"email",1
491,20,18,109.409716204563,"email",1
492,14,17,109.628753507468,"email",1
493,18,9,109.6750159789,"email",1
493,18,10,109.6750159789,"email",1
494,18,17,109.758500694523,"email",1
495,7,6,109.843025565679,"email",1
496,14,17,109.850424437842,"email",1
496,14,12,109.850424437842,"email",1
497,6,15,110.192975899088,"email",1
498,1,16,110.203108208384,"email",1
499,13,11,110.337910781971,"email",1
500,19,18,110.488706530179,"email",1
501,9,13,110.602082101699,"email",1
502,11,8,111.016322275283,"email",1
502,11,3,111.016322275283,"email",1
503,10,9,111.119354521026,"email",1
504,14,18,111.244252557258,"email",1
505,7,17,111.512021333787,"email",1
506,1,19,111.62673188127,"email",1
507,19,18,112.050191061372,"email",1
508,12,2,112.47234581824,"email",1
509,9,19,112.736713606693,"email",1
510,13,11,113.032867559784,"email",1
511,10,13,113.135967949155,"email",1
512,7,17,113.580527515387,"email",1
513,16,3,113.640279910223,"email",1
514,19,6,113.959315630225,"email",1
514,19,1,113.959315630225,"email",1
515,17,18,114.662356970592,"email",1
516,18,10,114.667043564316,"email",1
517,7,3,114.713824950738,"email",1
518,10,16,114.760541871639,"email",1
519,18,13,114.871045153583,"email",1
519,18,8,114.871045153583,"email",1
520,2,8,115.012499470404,"email",1
521,2,13,115.182112145658,"email",1
522,10,14,115.379910299924,"email",1
522,10,9,115.379910299924,"email",1
523,17,11,115.489131392715,"email",1
524,15,2,115.560715101756,"email",1
525,12,16,115.760745107104,"email",1
526,11,12,115.890660216783,"email",1
526,11,2,115.890660216783,"email",1
527,5,19,116.150366335987,"email",1
528,15,3,116.407732606615,"email",1
528,15,2,116.407732606615,"email",1
529,14,12,116.692168868836,"email",1
530,13,20,116.726146904024,"email",1
531,16,19,116.795793456367,"email",1
532,6,19,116.90576098217,"email",1
533,7,18,116.992208043044,"email",1
534,11,18,117.048669022429,"email",1
535,20,13,117.053901590415,"email",1
536,16,4,117.07529452456,"email",1
537,6,3,117.183036878398,"email",1
538,15,18,117.262609308444,"email",1
539,4,18,117.42196307062,"email",1
540,7,15,117.577550660874,"email",1
541,15,17,117.577702139558,"email",1
541,15,6,117.577702139558,"email",1
542,8,7,117.745803658531,"email",1
543,12,14,117.779842635674,"email",1
544,12,2,117.784619401618,"email",1
545,8,3,117.962491739315,"email",1
545,8,12,117.962491739315,"email",1
546,9,7,118.012724365218,"email",1
547,5,6,118.020530152708,"email",1
548,15,8,118.096733304347,"email",1
549,19,15,118.527936335965,"email",1
550,19,3,118.554603979269,"email",1
551,13,10,118.771940612839,"email",1
552,16,17,118.778954856944,"email",1
553,14,7,118.918624801528,"email",1
554,8,11,119.077715657998,"email",1
554,8,13,119.077715657998,"email",1
555,8,19,119.082649963996,"email",1
556,3,11,119.10095122534,"email",1
557,15,8,119.111338357155,"email",1
557,15,13,119.111338357155,"email",1
558,2,17,119.313745102362,"email",1
559,17,11,119.378860019871,"email",1
559,17,18,119.378860019871,"email",1
560,16,10,119.604445568276,"email",1
561,16,3,119.723064652537,"email",1
561,16,11,119.723064652537,"email",1
562,18,12,119.78085899232,"email",1
563,19,12,120.309607298331,"email",1
564,8,11,120.387719767896,"email",1
565,16,8,120.565458607205,"email",1
566,3,12,120.580245097542,"email",1
566,3,9,120.580245097542,"email",1
567,14,1,120.720657146047,"email",1
568,14,9,121.248412952595,"email",1
569,20,10,121.4366940066,"email",1
569,20,5,121.4366940066,"email",1
570,11,13,121.460002982825,"email",1
571,5,3,121.62847836491,"email",1
572,9,20,121.693092430638,"email",1
573,9,12,122.185845404864,"email",1
574,10,19,122.507448258151,"email",1
575,7,11,122.779088598346,"email",1
575,7,5,122.779088598346,"email",1
576,9,12,122.853229387046,"email",1
577,1,5,123.427602494453,"email",1
578,11,2,123.628188498592,"email",1
579,7,2,123.765189485744,"email",1
580,19,10,124.009225687576,"email",1
581,19,13,124.536444615075,"email",1
582,15,3,124.608993462511,"email",1
583,16,11,124.6281464976,"email",1
584,19,8,124.875780140219,"email",1
585,8,18,124.954432822688,"email",1
586,18,19,125.029383208177,"email",1
587,19,3,125.031703699059,"email",1
587,19,9,125.031703699059,"email",1
588,19,15,125.071003118869,"email",1
589,1,3,125.160248451772,"email",1
590,12,4,125.210520524663,"email",1
591,11,16,125.238515708099,"email",1
592,14,16,125.301112010723,"email",1
592,14,15,125.301112010723,"email",1
593,4,1,125.361434435701,"email",1
594,19,8,125.378403330149,"email",1
595,5,13,125.50374602668,"email",1
595,5,6,125.50374602668,"email",1
596,12,16,125.684919373368,"email",1
597,2,9,125.757010074062,"email",1
598,17,12,125.811379621362,"email",1
599,14,19,125.979301747909,"email",1
599,14,8,125.979301747909,"email",1
600,11,3,126.423878557088,"email",1
601,1,16,126.454401908149,"email",1
602,3,8,126.564720765324,"email",1
603,19,12,126.572768158637,"email",1
603,19,9,126.572768158637,"email",1
604,12,14,126.784467868012,"email",1
604,12,3,126.784467868012,"email",1
605,19,6,126.832000565279,"email",1
606,17,16,127.180761290191,"email",1
607,17,14,127.218935626582,"email",1
608,18,3,127.295037036164,"email",1
609,14,12,127.300986449496,"email",1
610,1,20,127.312662736968,"email",1
611,10,11,127.384037227022,"email",1
612,4,15,127.396359535696,"email",1
613,6,18,127.421691780631,"email",1
614,6,12,127.47592905191,"email",1
615,15,10,127.734643745573,"email",1
616,20,9,127.905622808911,"email",1
617,19,6,128.306363440275,"email",1
618,4,7,128.544726981022,"email",1
618,4,6,128.544726981022,"email",1
619,6,16,128.652309466068,"email",1
620,9,14,128.839075983835,"email",1
620,9,8,128.839075983835,"email",1
621,2,15,128.929508683113,"email",1
622,12,11,128.95332105435,"email",1
623,18,11,129.022268370466,"email",1
624,1,2,129.069664289133,"email",1
624,1,9,129.069664289133,"email",1
625,9,4,129.106927142331,"email",1
626,6,20,129.202102714483,"email",1
627,11,14,129.20428786966,"email",1
628,15,8,129.321767355632,"email",1
629,8,3,129.552404625385,"email",1
630,4,18,129.689087127631,"email",1
631,9,13,129.787997762623,"email",1
632,12,5,129.928697896206,"email",1
633,1,6,130.074717440686,"email",1
634,11,3,130.19574526555,"email",1
635,10,7,130.214556157769,"email",1
636,19,18,130.246540572784,"email",1
637,3,5,130.479361372354,"email",1
638,2,17,130.497891316507,"email",1
639,11,18,130.640381414263,"email",1
640,2,9,130.956066127501,"email",1
641,17,3,130.971480002804,"email",1
642,1,17,131.092238948088,"email",1
643,5,17,131.118996368867,"email",1
644,6,3,131.247098135382,"email",1
645,18,11,131.28725179161,"email",1
646,10,14,131.429724711199,"email",1
647,8,20,131.530104668375,"email",1
647,8,18,131.530104668375,"email",1
648,13,9,131.86311136834,"email",1
649,17,1,132.257674618103,"email",1
650,11,8,132.494796189464,"email",1
651,18,19,132.698763694347,"email",1
652,3,15,132.760697956746,"email",1
653,6,2,132.941977239662,"email",1
654,3,11,132.970808208694,"email",1
654,3,6,132.970808208694,"email",1
655,11,13,133.009178507208,"email",1
656,3,8,133.082192618658,"email",1
657,14,2,133.087271530659,"email",1
658,16,1,133.115248273366,"email",1
658,16,10,133.115248273366,"email",1
659,4,16,133.247155754665,"email",1
660,19,18,133.403414603769,"email",1
661,15,1,133.622180909147,"email",1
662,19,17,134.090671351037,"email",1
662,19,15,134.090671351037,"email",1
663,10,13,134.20100256407,"email",1
664,5,2,134.313993452367,"email",1
665,1,14,134.438949014604,"email",1
666,5,9,134.569725926802,"email",1
667,19,16,134.828052483747,"email",1
668,8,1,134.965802550705,"email",1
669,20,18,135.075667276619,"email",1
670,7,4,135.137638596026,"email",1
671,19,14,135.388293725633,"email",1
672,11,3,135.559451673344,"email",1
673,14,4,135.628129409706,"email",1
674,17,15,135.678262335069,"email",1
675,10,3,135.772500656933,"email",1
676,6,7,135.979864192325,"email",1
677,7,3,136.005399705159,"email",1
678,7,17,136.074078703164,"email",1
679,17,11,136.121697642978,"email",1
680,15,20,136.426674760892,"email",1
681,10,19,136.773227539315,"email",1
682,7,2,136.795512570642,"email",1
683,7,20,136.880182201863,"email",1
684,10,13,136.952288713798,"email",1
685,10,9,137.183489848825,"email",1
686,19,8,137.208429219412,"email",1
687,13,3,137.260649333381,"email",1
688,19,6,137.37209093672,"email",1
689,14,9,137.533820406162,"email",1
690,1,7,137.62747401184,"email",1
691,18,4,137.64507366714,"email",1
692,17,7,137.647249376487,"email",1
693,5,14,137.731049623623,"email",1
693,5,9,137.731049623623,"email",1
694,18,5,137.837614293906,"email",1
695,19,3,137.906120370067,"email",1
696,8,10,137.969809270057,"email",1
697,4,10,138.131822697403,"email",1
698,9,11,138.45320060719,"email",1
699,14,6,138.453200817611,"email",1
700,8,6,138.479403933282,"email",1
701,7,12,138.505093531035,"email",1
702,16,7,138.614260148839,"email",1
703,13,9,138.648059192079,"email",1
704,9,7,138.789368595902,"email",1
705,11,18,138.926844668633,"email",1
705,11,15,138.926844668633,"email",1
706,11,13,138.973572646419,"email",1
707,17,11,138.980302370515,"email",1
707,17,18,138.980302370515,"email",1
708,16,13,139.116794479833,"email",1
708,16,20,139.116794479833,"email",1
709,8,13,139.206942311055,"email",1
710,18,9,139.354960537478,"email",1
711,13,20,139.381299043166,"email",1
712,16,2,139.456036675466,"email",1
713,10,20,139.610182288285,"email",1
714,15,18,139.617350214359,"email",1
714,15,3,139.617350214359,"email",1
715,19,11,139.686628798386,"email",1
715,19,14,139.686628798386,"email",1
716,3,13,139.692850462559,"email",1
717,13,3,139.868439440594,"email",1
718,8,17,139.928778400642,"email",1
719,15,3,139.942130193722,"email",1
720,9,10,139.977810143928,"email",1
720,9,11,139.977810143928,"email",1
721,17,6,140.062072521834,"email",1
721,17,12,140.062072521834,"email",1
722,3,12,140.145614901741,"email",1
723,7,2,140.175475241178,"email",1
723,7,20,140.175475241178,"email",1
724,17,1,140.182673125138,"email",1
725,4,10,140.341318180109,"email",1
726,18,11,140.351462502977,"email",1
727,2,1,140.367441849713,"email",1
728,14,10,140.38378773257,"email",1
729,7,8,140.502598010918,"email",1
730,2,13,140.515567206663,"email",1
731,8,12,140.557726851768,"email",1
731,8,11,140.557726851768,"email",1
732,17,18,140.649614352457,"email",1
733,14,8,140.824659356731,"email",1
734,18,10,141.095299283712,"email",1
735,1,13,141.231891111376,"email",1
736,14,13,141.254519130343,"email",1
737,7,3,141.27323958871,"email",1
738,3,6,141.368902064366,"email",1
739,4,19,141.542254432925,"email",1
740,11,6,141.716023158832,"email",1
740,11,13,141.716023158832,"email",1
741,7,10,141.781236674972,"email",1
742,6,12,142.104993974155,"email",1
743,15,11,142.160528969777,"email",1
743,15,8,142.160528969777,"email",1
744,14,4,142.178624872274,"email",1
745,18,11,142.348716687794,"email",1
746,2,16,142.365767582712,"email",1
747,16,11,142.417846453778,"email",1
748,16,10,142.557961633993,"email",1
749,7,4,142.664386089109,"email",1
749,7,3,142.664386089109,"email",1
750,1,10,142.735740407167,"email",1
751,8,15,142.808534118805,"email",1
752,18,8,142.981910994733,"email",1
753,18,1,143.024903094315,"email",1
754,13,5,143.105615897555,"email",1
755,19,12,143.230539538499,"email",1
756,20,9,143.375356651547,"email",1
757,8,14,143.592341590776,"email",1
758,5,19,143.592952352509,"email",1
759,14,7,143.635125827514,"email",1
760,2,13,143.683793003471,"email",1
761,17,13,143.781756985581,"email",1
762,6,9,143.929612914633,"email",1
763,4,7,143.93753157068,"email",1
764,18,3,143.993152387394,"email",1
765,8,19,144.105062694185,"email",1
766,14,19,144.413436127676,"email",1
767,7,11,144.460539206404,"email",1
768,2,13,144.782917339717,"email",1
769,3,18,144.819836398548,"email",1
770,5,12,144.845591419395,"email",1
771,17,1,144.851551220081,"email",1
771,17,2,144.851551220081,"email",1
772,13,9,144.9496817802,"email",1
773,19,15,145.311123823026,"email",1
774,7,16,145.320719962495,"email",1
775,15,13,145.394263999438,"email",1
775,15,1,145.394263999438,"email",1
776,15,8,145.903335067259,"email",1
776,15,19,145.903335067259,"email",1
777,5,10,145.925153042766,"email",1
778,6,17,146.049421099788,"email",1
779,1,18,146.12146766443,"email",1
780,18,19,146.257927618759,"email",1
781,3,14,146.401765861181,"email",1
781,3,2,146.401765861181,"email",1
782,7,1,146.418096238229,"email",1
783,17,18,146.497615756577,"email",1
784,15,13,146.635979828478,"email",1
785,6,1,146.752240268705,"email",1
786,3,8,146.993657938892,"email",1
787,11,16,147.307063811749,"email",1
788,11,14,147.447432916588,"email",1
788,11,9,147.447432916588,"email",1
789,1,11,147.534831522827,"email",1
790,3,8,147.7935615804,"email",1
791,17,14,147.862392533511,"email",1
792,18,15,147.978448791173,"email",1
792,18,16,147.978448791173,"email",1
793,15,16,147.993512234641,"email",1
794,2,12,148.004846520083,"email",1
795,9,1,148.065572119322,"email",1
796,6,3,148.146061243864,"email",1
797,4,12,148.148558499075,"email",1
798,19,14,148.243172657595,"email",1
799,9,5,148.452691111864,"email",1
800,16,19,149.091826650662,"email",1
801,11,3,149.116252486699,"email",1
802,14,17,149.315586464108,"email",1
803,13,9,149.414265227445,"email",1
804,18,6,149.62815742983,"email",1
805,9,13,149.724567277926,"email",1
806,10,16,149.859498280252,"email",1
806,10,3,149.859498280252,"email",1
807,11,15,149.921003475671,"email",1
808,18,11,149.979446760864,"email",1
809,5,3,150.036733623459,"email",1
810,20,4,150.052209852628,"email",1
810,20,12,150.052209852628,"email",1
811,15,18,150.064779738899,"email",1
811,15,4,150.064779738899,"email",1
812,3,17,150.145512253203,"email",1
812,3,15,150.145512253203,"email",1
813,19,3,150.299298389577,"email",1
814,9,20,150.349363937119,"email",1
815,12,5,150.43905734373,"email",1
816,13,9,150.542959176363,"email",1
817,9,6,150.735338576343,"email",1
818,6,8,150.785196961607,"email",1
819,12,3,150.945530859848,"email",1
820,3,19,150.97206303408,"email",1
821,1,2,150.984552565942,"email",1
822,13,7,151.033479388865,"email",1
823,9,20,151.162571642451,"email",1
824,14,16,151.294042022762,"email",1
825,17,16,151.370824147136,"email",1
826,19,14,151.521554762535,"email",1
826,19,3,151.521554762535,"email",1
827,15,18,151.574415721679,"email",1
828,8,5,151.783044908198,"email",1
829,10,19,151.864191087545,"email",1
830,3,11,151.87272304988,"email",1
831,19,11,151.951658541955,"email",1
832,1,5,152.140395098136,"email",1
832,1,11,152.140395098136,"email",1
833,6,3,152.381362407788,"email",1
834,16,3,152.396055374368,"email",1
835,3,10,152.419115977473,"email",1
836,9,19,152.511240604192,"email",1
837,2,9,152.601029060751,"email",1
838,3,12,152.685080515751,"email",1
839,14,10,152.767534230529,"email",1
839,14,9,152.767534230529,"email",1
840,1,8,152.855767423066,"email",1
841,9,10,152.902234855247,"email",1
842,2,18,152.979436078075,"email",1
843,11,3,153.149479349075,"email",1
844,20,19,153.167241103444,"email",1
845,20,5,153.286243998455,"email",1
845,20,7,153.286243998455,"email",1
846,14,18,153.301409019263,"email",1
847,4,18,153.378861993226,"email",1
848,17,11,153.497297877812,"email",1
849,15,5,153.634933226613,"email",1
850,2,5,153.717310481303,"email",1
851,2,9,153.768585489844,"email",1
852,7,2,153.786095139628,"email",1
853,17,3,153.869256756524,"email",1
854,7,14,153.875686762535,"email",1
855,16,8,153.892713541322,"email",1
855,16,9,153.892713541322,"email",1
856,14,10,153.900351048878,"email",1
857,19,17,153.92387148314,"email",1
858,1,4,154.009957147602,"email",1
859,3,7,154.087929711697,"email",1
860,10,18,154.139201805602,"email",1
861,18,7,154.207711298713,"email",1
861,18,2,154.207711298713,"email",1
862,9,20,154.255883871645,"email",1
862,9,18,154.255883871645,"email",1
863,13,14,154.290249993698,"email",1
864,16,18,154.345091463086,"email",1
865,11,13,154.386954358595,"email",1
866,6,12,154.421303321824,"email",1
867,7,16,154.458776259723,"email",1
868,6,11,154.536283857782,"email",1
869,7,14,154.631318398535,"email",1
869,7,1,154.631318398535,"email",1
870,14,16,154.70483998488,"email",1
871,19,6,154.777438200332,"email",1
872,1,4,154.937403551583,"email",1
873,13,8,155.002930347198,"email",1
874,16,20,155.039505584757,"email",1
875,18,5,155.257250870638,"email",1
875,18,7,155.257250870638,"email",1
876,19,8,155.259452183997,"email",1
877,3,14,155.347560744339,"email",1
877,3,5,155.347560744339,"email",1
878,4,7,155.435602795943,"email",1
879,16,8,155.579931129877,"email",1
880,4,20,155.690052142184,"email",1
881,7,10,155.813627981276,"email",1
882,3,19,155.929218049362,"email",1
883,6,20,155.957139589068,"email",1
884,11,15,155.960299528825,"email",1
885,6,18,155.982972983109,"email",1
886,6,12,156.036433452234,"email",1
887,16,20,156.245384844513,"email",1
888,8,2,156.25952659819,"email",1
889,10,5,156.318083666784,"email",1
889,10,16,156.318083666784,"email",1
890,4,13,156.425816263252,"email",1
890,4,10,156.425816263252,"email",1
891,10,4,156.448605549038,"email",1
892,5,6,156.712112458594,"email",1
893,6,3,156.73349942537,"email",1
894,6,3,156.784584954422,"email",1
895,20,10,156.87059623166,"email",1
896,15,4,156.916120159606,"email",1
897,3,1,157.078032438481,"email",1
898,7,15,157.207136614859,"email",1
899,15,19,157.25431303404,"email",1
900,8,19,157.265536693297,"email",1
900,8,18,157.265536693297,"email",1
901,14,19,157.28777852671,"email",1
902,14,7,157.406984684092,"email",1
903,18,4,157.540982530585,"email",1
903,18,11,157.540982530585,"email",1
904,7,3,157.61793796087,"email",1
905,7,16,157.712085571721,"email",1
906,10,1,157.801949368407,"email",1
906,10,5,157.801949368407,"email",1
907,16,15,157.898748699222,"email",1
907,16,10,157.898748699222,"email",1
908,3,20,158.00276545772,"email",1
909,1,7,158.017782799781,"email",1
910,8,4,158.232967488579,"email",1
911,18,6,158.243151851799,"email",1
911,18,20,158.243151851799,"email",1
912,10,13,158.282491048578,"email",1
913,9,18,158.287655252053,"email",1
914,19,8,158.297395997208,"email",1
915,10,12,158.328510896911,"email",1
916,14,8,158.422570616185,"email",1
917,4,18,158.581063203741,"email",1
918,8,15,158.825815488053,"email",1
919,11,8,158.913460978598,"email",1
920,15,5,159.327660902091,"email",1
920,15,2,159.327660902091,"email",1
921,18,2,159.369633971025,"email",1
922,8,14,159.460142705701,"email",1
923,13,1,159.502185615034,"email",1
924,17,19,159.530048117295,"email",1
925,16,13,159.619946971369,"email",1
926,6,11,159.715040676895,"email",1
926,6,18,159.715040676895,"email",1
927,6,5,159.715533295995,"email",1
928,9,7,159.82260534238,"email",1
929,8,3,159.878793110188,"email",1
930,1,7,159.910863574108,"email",1
931,20,9,160.012422089624,"email",1
932,17,11,160.041423800514,"email",1
933,14,12,160.041841900293,"email",1
934,4,10,160.095259699228,"email",1
935,20,13,160.107413473031,"email",1
936,14,7,160.115811965652,"email",1
936,14,4,160.115811965652,"email",1
937,15,2,160.335067129401,"email",1
938,17,7,160.341759749154,"email",1
939,8,13,160.360379226578,"email",1
940,4,13,160.573391135528,"email",1
940,4,14,160.573391135528,"email",1
941,9,19,160.805959124355,"email",1
942,15,19,160.892036196008,"email",1
943,1,12,161.079511835182,"email",1
944,3,14,161.088830807117,"email",1
945,16,20,161.306429393879,"email",1
946,6,3,161.350710302822,"email",1
947,6,3,161.453551822758,"email",1
948,12,4,161.505324354411,"email",1
949,5,8,161.550879205882,"email",1
950,18,15,161.76294811085,"email",1
950,18,8,161.76294811085,"email",1
951,6,18,161.875010835395,"email",1
952,7,9,161.946010879951,"email",1
953,19,18,161.980537314898,"email",1
954,16,3,162.066620694164,"email",1
955,3,19,162.10754019797,"email",1
956,8,15,162.140670044743,"email",1
956,8,16,162.140670044743,"email",1
957,8,15,162.141861044453,"email",1
958,11,10,162.257679817433,"email",1
959,17,19,162.636406503993,"email",1
960,14,17,162.839700233492,"email",1
960,14,9,162.839700233492,"email",1
961,18,19,162.846335447801,"email",1
962,11,10,162.861195540873,"email",1
963,8,13,162.953357496584,"email",1
964,4,10,163.037735862139,"email",1
965,18,6,163.156403361102,"email",1
966,10,9,163.197068843323,"email",1
967,7,2,163.287968647377,"email",1
968,9,14,163.387195699873,"email",1
969,12,10,163.46179260105,"email",1
970,10,20,163.711378354207,"email",1
971,12,3,163.733936255494,"email",1
972,8,10,163.750280281903,"email",1
973,2,18,163.762483537895,"email",1
974,5,2,163.821338185133,"email",1
975,5,17,163.830871802077,"email",1
976,6,7,164.234312384105,"email",1
976,6,4,164.234312384105,"email",1
977,7,17,164.301321277563,"email",1
978,1,9,164.353049074615,"email",1
978,1,17,164.353049074615,"email",1
979,1,10,164.410989711708,"email",1
980,6,11,164.572793058588,"email",1
981,6,5,164.608781929124,"email",1
982,8,13,164.628410254059,"email",1
983,2,17,164.776525869725,"email",1
983,2,10,164.776525869725,"email",1
984,7,18,164.916439125116,"email",1
985,13,10,164.98113916278,"email",1
986,8,7,165.066758239492,"email",1
986,8,6,165.066758239492,"email",1
987,11,20,165.077884757107,"email",1
987,11,7,165.077884757107,"email",1
988,10,9,165.082167347601,"email",1
989,12,19,165.151147989789,"email",1
990,13,16,165.185746559747,"email",1
991,9,20,165.214551999786,"email",1
992,19,9,165.25902865252,"email",1
993,15,14,165.60049581261,"email",1
994,19,20,165.638135504543,"email",1
995,5,10,165.647697675025,"email",1
996,19,8,165.678762032647,"email",1
997,20,7,165.715175459842,"email",1
997,20,19,165.715175459842,"email",1
998,16,20,165.743982558052,"email",1
999,15,19,165.834154747884,"email",1
1000,16,20,165.996034250891,"email",1
1001,20,12,166.056389055967,"email",1
1002,11,19,166.289249459944,"email",1
1003,20,6,166.325814830092,"email",1
1004,5,7,166.396573084121,"email",1
1005,6,3,166.506348019517,"email",1
1006,10,19,166.51273739168,"email",1
1007,11,18,166.593520234451,"email",1
1008,16,18,166.600858571248,"email",1
1009,5,14,166.720986418426,"email",1
1010,14,7,166.886469533733,"email",1
1010,14,15,166.886469533733,"email",1
1011,7,8,166.908338753241,"email",1
1011,7,18,166.908338753241,"email",1
1012,19,20,167.33737957481,"email",1
1013,18,12,167.446101542882,"email",1
1014,11,8,167.465501879057,"email",1
1015,4,2,167.675912050554,"email",1
1016,16,13,167.8692724088,"email",1
1017,7,11,168.037741171548,"email",1
1018,1,18,168.138908346229,"email",1
1019,14,3,168.222910879652,"email",1
1020,2,9,168.227752318471,"email",1
1021,9,20,168.245471013178,"email",1
1022,18,7,168.259508722726,"email",1
1023,3,11,168.291426662697,"email",1
1023,3,7,168.291426662697,"email",1
1024,12,18,168.302632245939,"email",1
1024,12,9,168.302632245939,"email",1
1025,15,18,168.323840591431,"email",1
1025,15,16,168.323840591431,"email",1
1026,3,18,168.372967887757,"email",1
1027,6,10,168.388195521439,"email",1
1028,7,16,168.800460552936,"email",1
1029,16,3,168.855502978293,"email",1
1029,16,19,168.855502978293,"email",1
1030,20,14,168.930683560652,"email",1
1031,14,10,168.968596826007,"email",1
1032,13,12,169.051600868408,"email",1
1032,13,4,169.051600868408,"email",1
1033,3,12,169.279782577305,"email",1
1034,11,6,169.346342341846,"email",1
1035,8,19,169.401714204892,"email",1
1036,18,6,169.402624110194,"email",1
1037,17,1,169.423950840854,"email",1
1038,6,20,169.614298956779,"email",1
1039,5,9,169.630012670268,"email",1
1040,11,16,169.644276108485,"email",1
1041,2,19,169.744542595537,"email",1
1042,14,6,169.789447033257,"email",1
1043,15,13,169.808382944882,"email",1
1044,12,16,169.819830754248,"email",1
1045,20,9,169.893082137121,"email",1
1046,7,10,169.909398863811,"email",1
1047,18,6,170.095104181407,"email",1
1048,6,14,170.124610587149,"email",1
1048,6,4,170.124610587149,"email",1
1049,12,11,170.129228608935,"email",1
1050,5,1,170.147282112612,"email",1
1051,18,3,170.205256002701,"email",1
1052,17,18,170.221065795801,"email",1
1053,9,2,170.223782888479,"email",1
1054,7,10,170.253427457911,"email",1
1055,20,9,170.397583160229,"email",1
1056,15,19,170.495812907891,"email",1
1057,20,16,170.506801141657,"email",1
1058,18,11,170.567662497014,"email",1
1059,3,19,170.671785551903,"email",1
1060,14,19,170.767672995151,"email",1
1061,18,11,170.821172936574,"email",1
1062,12,1,170.847161649309,"email",1
1062,12,10,170.847161649309,"email",1
1063,15,17,170.877333405685,"email",1
1063,15,14,170.877333405685,"email",1
1064,19,8,170.885637435079,"email",1
1065,8,13,170.999572391551,"email",1
1066,4,12,171.083164755943,"email",1
1067,6,10,171.274841475255,"email",1
1067,6,4,171.274841475255,"email",1
1068,10,5,171.4475830454,"email",1
1069,10,6,171.5686315503,"email",1
1070,13,1,171.645390902599,"email",1
1071,8,11,171.730534807036,"email",1
1072,3,18,171.752906944225,"email",1
1073,18,14,171.832129300028,"email",1
1073,18,5,171.832129300028,"email",1
1074,15,9,171.919579722871,"email",1
1074,15,1,171.919579722871,"email",1
1075,6,2,171.931976999969,"email",1
1076,15,2,171.969446702013,"email",1
1077,19,11,171.989765372487,"email",1
1078,3,18,172.04803082221,"email",1
1078,3,5,172.04803082221,"email",1
1079,7,13,172.12557302841,"email",1
1080,1,12,172.127106019875,"email",1
1081,13,7,172.320687267404,"email",1
1082,13,7,172.329028527473,"email",1
1083,12,16,172.466412545724,"email",1
1084,17,19,172.576455415643,"email",1
1084,17,20,172.576455415643,"email",1
1085,18,19,172.66339322857,"email",1
1085,18,4,172.66339322857,"email",1
1086,10,2,172.704470080132,"email",1
1087,8,12,172.708660388678,"email",1
1088,6,17,172.82098681336,"email",1
1088,6,15,172.82098681336,"email",1
1089,11,14,172.847491074747,"email",1
1089,11,2,172.847491074747,"email",1
1090,4,18,172.898743712871,"email",1
1090,4,16,172.898743712871,"email",1
1091,6,11,172.903390241559,"email",1
1092,1,9,172.905325097737,"email",1
1093,3,10,172.970631561249,"email",1
1094,6,3,173.045109997995,"email",1
1095,3,6,173.158760889337,"email",1
1096,18,1,173.36183970977,"email",1
1097,6,16,173.491532461055,"email",1
1098,11,8,173.606571468249,"email",1
1099,4,5,173.637185105437,"email",1
1100,6,11,173.690457750162,"email",1
1101,15,18,173.777717092748,"email",1
1102,1,11,173.780478709848,"email",1
1103,20,13,173.844900881397,"email",1
1104,3,9,173.858343473971,"email",1
1105,17,1,173.963418771421,"email",1
1106,11,17,174.102359885291,"email",1
1107,4,8,174.163977434552,"email",1
1108,14,12,174.165507999972,"email",1
1109,6,3,174.205000989775,"email",1
1110,20,13,174.223452535356,"email",1
1111,10,14,174.481412405959,"email",1
1112,11,3,174.50051481485,"email",1
1113,13,2,174.61866926924,"email",1
1114,14,4,174.660276413398,"email",1
1115,11,2,174.682257583061,"email",1
1116,16,11,174.696592524206,"email",1
1117,13,10,174.6994454181,"email",1
1118,3,19,174.742008882904,"email",1
1119,6,5,174.86774195066,"email",1
1120,20,15,174.934437751931,"email",1
1120,20,7,174.934437751931,"email",1
1121,13,4,174.994135650522,"email",1
1122,9,11,175.03000662703,"email",1
1122,9,15,175.03000662703,"email",1
1123,5,18,175.050706213022,"email",1
1124,9,13,175.050813483917,"email",1
1125,5,1,175.089193328586,"email",1
1126,14,15,175.169077725659,"email",1
1127,11,18,175.220754172801,"email",1
1128,12,6,175.232529991981,"email",1
1129,9,4,175.251232254806,"email",1
1129,9,14,175.251232254806,"email",1
1130,18,19,175.35382085253,"email",1
1130,18,8,175.35382085253,"email",1
1131,17,16,175.375951488746,"email",1
1132,18,16,175.47328858696,"email",1
1133,9,18,175.539463199522,"email",1
1134,19,18,175.552331202744,"email",1
1135,10,2,175.635082991268,"email",1
1136,7,4,175.734744233452,"email",1
1137,16,17,175.740067005798,"email",1
1138,3,7,175.748051900769,"email",1
1139,15,14,175.748950109997,"email",1
1139,15,3,175.748950109997,"email",1
1140,9,11,175.839331626932,"email",1
1141,18,4,175.855907050749,"email",1
1142,13,8,175.982395543938,"email",1
1143,14,8,175.98946745722,"email",1
1144,18,19,176.022555439314,"email",1
1145,19,10,176.037758271915,"email",1
1145,19,18,176.037758271915,"email",1
1146,1,18,176.2711452695,"email",1
1147,20,16,176.33559600701,"email",1
1148,6,16,176.361017204246,"email",1
1149,3,17,176.406152365229,"email",1
1149,3,14,176.406152365229,"email",1
1150,7,13,176.497314843599,"email",1
1151,9,5,176.50171943786,"email",1
1152,10,13,176.570399782165,"email",1
1153,10,13,176.665311347666,"email",1
1154,14,20,176.669805925557,"email",1
1155,11,8,176.746125920458,"email",1
1156,8,19,176.892611817725,"email",1
1157,19,18,176.923025752677,"email",1
1158,20,6,176.960188261265,"email",1
1159,6,11,176.969880431235,"email",1
1160,2,5,177.024912252156,"email",1
1161,18,20,177.140638375964,"email",1
1162,3,9,177.201105739296,"email",1
1163,7,5,177.227673986724,"email",1
1164,11,5,177.254125059994,"email",1
1165,12,4,177.339277308277,"email",1
1166,10,8,177.381594242149,"email",1
1167,11,6,177.542032072543,"email",1
1168,12,17,177.597711653592,"email",1
1169,10,13,177.724669627803,"email",1
1170,3,19,177.739185629049,"email",1
1171,8,18,177.801238241874,"email",1
1171,8,19,177.801238241874,"email",1
1172,12,19,177.951812530971,"email",1
1173,3,8,178.058472194792,"email",1
1174,16,12,178.075960242985,"email",1
1175,12,18,178.143837874447,"email",1
1176,19,18,178.195415647195,"email",1
1177,18,11,178.196070649172,"email",1
1178,6,18,178.289278300334,"email",1
1179,11,12,178.301073540531,"email",1
1180,16,8,178.318828784497,"email",1
1181,3,17,178.342147793779,"email",1
1182,5,13,178.376927379606,"email",1
1182,5,20,178.376927379606,"email",1
1183,12,1,178.403810068119,"email",1
1184,3,11,178.409450569385,"email",1
1185,18,19,178.490332846046,"email",1
1186,16,19,178.511480438621,"email",1
1187,3,18,178.584842824937,"email",1
1188,11,17,178.591245708189,"email",1
1189,3,19,178.672525930428,"email",1
1190,15,6,178.908653738545,"email",1
1191,8,3,178.981136561529,"email",1
1192,19,18,179.04536237286,"email",1
1193,6,8,179.087947100768,"email",1
1194,7,17,179.088287622859,"email",1
1195,9,2,179.117321725593,"email",1
1195,9,3,179.117321725593,"email",1
1196,10,7,179.146753961061,"email",1
1197,19,14,179.147971435523,"email",1
1198,17,19,179.302565421669,"email",1
1199,6,8,179.380254654894,"email",1
1200,11,16,179.388081178077,"email",1
1201,5,13,179.450711785239,"email",1
1202,14,16,179.468169235312,"email",1
1203,16,11,179.486952379637,"email",1
1204,8,1,179.490703142677,"email",1
1205,20,9,179.529435471883,"email",1
1205,20,14,179.529435471883,"email",1
1206,7,5,179.582715161334,"email",1
1207,19,15,179.834755925039,"email",1
1208,16,12,179.839502608383,"email",1
1209,1,2,179.869487676946,"email",1
1210,18,19,179.885627363669,"email",1
1211,9,10,179.998325691232,"email",1
1212,3,6,180.079426536706,"email",1
1213,5,3,180.126563938688,"email",1
1214,15,19,180.179910501047,"email",1
1215,3,11,180.237969085294,"email",1
1216,11,3,180.4371295794,"email",1
1217,7,18,180.477422082983,"email",1
1218,17,15,180.509453821059,"email",1
1219,11,18,180.558332636605,"email",1
1220,7,13,180.577567896009,"email",1
1220,7,4,180.577567896009,"email",1
1221,19,18,180.612485146974,"email",1
1221,19,16,180.612485146974,"email",1
1222,8,18,180.626155609543,"email",1
1222,8,16,180.626155609543,"email",1
1223,11,3,180.639814492919,"email",1
1224,4,1,180.657211370032,"email",1
1225,15,14,180.81665987245,"email",1
1225,15,3,180.81665987245,"email",1
1226,7,12,180.852397427745,"email",1
1227,9,20,180.864955212206,"email",1
1228,15,17,181.076386229693,"email",1
1229,14,3,181.107058952012,"email",1
1230,19,4,181.142444652112,"email",1
1231,13,4,181.255945093322,"email",1
1232,9,6,181.367988734443,"email",1
1233,17,19,181.405901749088,"email",1
1234,4,2,181.426764544257,"email",1
1235,4,11,181.496982259243,"email",1
1236,19,3,181.540453534168,"email",1
1236,19,18,181.540453534168,"email",1
1237,15,12,181.547059494157,"email",1
1238,10,11,181.567255040687,"email",1
1238,10,12,181.567255040687,"email",1
1239,3,7,181.703269914713,"email",1
1240,7,9,181.740835195315,"email",1
1241,14,8,181.810231117005,"email",1
1242,17,11,181.834220101229,"email",1
1243,1,16,181.88331413745,"email",1
1244,7,9,181.893433458151,"email",1
1245,20,8,181.902104787229,"email",1
1246,6,17,181.92443567194,"email",1
1247,19,3,181.995916987898,"email",1
1248,11,8,182.112705838694,"email",1
1249,11,14,182.146500057087,"email",1
1250,11,16,182.150919961479,"email",1
1251,12,15,182.362272124303,"email",1
1251,12,4,182.362272124303,"email",1
1252,7,8,182.394972652773,"email",1
1252,7,9,182.394972652773,"email",1
1253,13,10,182.425115676107,"email",1
1254,20,19,182.505445059473,"email",1
1255,19,18,182.562051142267,"email",1
1255,19,20,182.562051142267,"email",1
1256,7,12,182.578659689124,"email",1
1257,4,20,182.599172274144,"email",1
1258,14,11,182.688017631074,"email",1
1259,5,15,182.688630673943,"email",1
1260,5,9,182.709749493244,"email",1
1261,17,16,182.714316314415,"email",1
1262,9,18,182.782762255982,"email",1
1263,12,19,182.86256170709,"email",1
1264,3,7,182.872331593136,"email",1
1265,14,7,182.872571371073,"email",1
1266,12,16,182.928712608505,"email",1
1267,8,5,182.939000886692,"email",1
1268,10,19,183.014412699202,"email",1
1269,6,14,183.045880502264,"email",1
1269,6,10,183.045880502264,"email",1
1270,16,12,183.117451365835,"email",1
1271,19,8,183.147361465384,"email",1
1272,13,2,183.199514673986,"email",1
1273,5,2,183.306782188746,"email",1
1274,3,15,183.388863743945,"email",1
1275,14,1,183.483759322161,"email",1
1276,19,3,183.493623215184,"email",1
1277,6,11,183.497886406961,"email",1
1278,14,17,183.601315459314,"email",1
1279,16,17,183.713341198151,"email",1
1280,19,18,183.722505184681,"email",1
1281,2,6,183.792063768498,"email",1
1282,17,3,183.794585899407,"email",1
1283,1,6,183.879478123495,"email",1
1284,19,18,183.890853713455,"email",1
1285,17,20,183.949729148861,"email",1
1286,19,18,184.009170369441,"email",1
1287,2,20,184.019477959782,"email",1
1287,2,16,184.019477959782,"email",1
1288,8,6,184.123780662082,"email",1
1289,11,3,184.128636829238,"email",1
1290,11,18,184.132919528274,"email",1
1291,8,4,184.170620398981,"email",1
1292,7,6,184.185122557067,"email",1
1293,16,14,184.203371172412,"email",1
1294,16,2,184.225187711641,"email",1
1295,8,17,184.245065731265,"email",1
1296,6,11,184.287946956997,"email",1
1297,5,4,184.298409455151,"email",1
1297,5,6,184.298409455151,"email",1
1298,19,11,184.337761536582,"email",1
1299,18,3,184.352615133723,"email",1
1300,19,18,184.354020388478,"email",1
1301,3,18,184.363591879228,"email",1
1302,20,6,184.369969514493,"email",1
1303,17,14,184.380957810408,"email",1
1304,16,9,184.390862111702,"email",1
1305,11,15,184.392128135702,"email",1
1306,9,14,184.436812457642,"email",1
1307,5,11,184.504189025878,"email",1
1308,19,15,184.51481319039,"email",1
1309,10,5,184.532362920044,"email",1
1310,20,6,184.576801862429,"email",1
1311,12,11,184.641695910428,"email",1
1312,5,17,184.674673903806,"email",1
1312,5,6,184.674673903806,"email",1
1313,6,3,184.750453208118,"email",1
1313,6,9,184.750453208118,"email",1
1314,14,9,184.755019522988,"email",1
1315,18,17,184.78900308489,"email",1
1315,18,6,184.78900308489,"email",1
1316,7,19,184.796855362905,"email",1
1317,11,17,184.817410906166,"email",1
1318,6,5,184.848195483694,"email",1
1319,6,15,184.848730415872,"email",1
1320,8,7,184.849690741867,"email",1
1321,11,17,184.926077087973,"email",1
1321,11,3,184.926077087973,"email",1
1322,12,13,184.934525370214,"email",1
1323,16,19,184.946076895144,"email",1
1323,16,3,184.946076895144,"email",1
1324,20,6,184.954693201112,"email",1
1325,18,19,185.024932785332,"email",1
1326,18,12,185.034361405642,"email",1
1327,14,10,185.130718575598,"email",1
1328,16,1,185.143078336761,"email",1
1329,3,13,185.180253786058,"email",1
1329,3,4,185.180253786058,"email",1
1330,8,14,185.208400390975,"email",1
1331,12,11,185.361182485631,"email",1
1331,12,9,185.361182485631,"email",1
1332,11,19,185.372356503141,"email",1
1333,14,16,185.39968676001,"email",1
1334,13,5,185.408739507629,"email",1
1335,19,1,185.505999722304,"email",1
1336,16,1,185.514315022993,"email",1
1337,3,1,185.559644362301,"email",1
1338,3,6,185.574734137124,"email",1
1339,19,8,185.60286857496,"email",1
1340,17,11,185.619488212896,"email",1
1341,3,19,185.626286289453,"email",1
1342,3,15,185.664940665822,"email",1
1343,13,9,185.752376392663,"email",1
1344,14,15,185.786684241061,"email",1
1345,9,2,185.837690480863,"email",1
1346,3,10,185.858770341091,"email",1
1347,6,13,185.902544734932,"email",1
1348,11,18,185.927732419653,"email",1
1349,6,11,185.982600843916,"email",1
1350,3,11,186.047952560183,"email",1
1350,3,15,186.047952560183,"email",1
1351,11,1,186.094071594655,"email",1
1352,5,8,186.173441190217,"email",1
1353,20,4,186.242872250599,"email",1
1354,1,7,186.248449694292,"email",1
1354,1,16,186.248449694292,"email",1
1355,1,16,186.254596129294,"email",1
1356,6,18,186.27289809842,"email",1
1357,5,20,186.284278396612,"email",1
1358,9,13,186.296060833201,"email",1
1359,4,14,186.297027177729,"email",1
1360,5,12,186.309307209357,"email",1
1361,17,19,186.309414478777,"email",1
1361,17,2,186.309414478777,"email",1
1362,15,17,186.396692205732,"email",1
1363,6,9,186.396763932614,"email",1
1364,1,14,186.466037030502,"email",1
1365,8,17,186.527313051802,"email",1
1365,8,4,186.527313051802,"email",1
1366,17,8,186.527390316353,"email",1
1366,17,2,186.527390316353,"email",1
1367,16,19,186.531240077131,"email",1
1367,16,17,186.531240077131,"email",1
1368,13,10,186.556250542152,"email",1
1369,6,11,186.628915701747,"email",1
1370,17,19,186.711014478678,"email",1
1371,6,11,186.744114223526,"email",1
1372,3,18,186.770407952028,"email",1
1372,3,19,186.770407952028,"email",1
1373,16,18,186.831780909818,"email",1
1374,3,11,186.878099114032,"email",1
1375,6,13,186.889428875202,"email",1
1376,9,13,186.926075868054,"email",1
1377,11,8,186.926342701757,"email",1
1378,5,8,186.96870309304,"email",1
1378,5,2,186.96870309304,"email",1
1379,3,19,186.996941460802,"email",1
1380,8,6,187.08434761159,"email",1
1381,16,11,187.102815238355,"email",1
1382,3,11,187.159947927728,"email",1
1383,12,8,187.247450605915,"email",1
1384,19,3,187.252865822278,"email",1
1385,18,7,187.283096359824,"email",1
1386,18,16,187.283859581878,"email",1
1387,6,11,187.309652863112,"email",1
1388,10,13,187.338578076022,"email",1
1389,19,3,187.408864457888,"email",1
1390,17,16,187.461326556468,"email",1
1391,7,17,187.461882171718,"email",1
1392,15,11,187.53288882681,"email",1
1393,19,18,187.559119765407,"email",1
1393,19,8,187.559119765407,"email",1
1394,11,8,187.579346068485,"email",1
1395,18,19,187.633951200858,"email",1
1396,15,20,187.659989841751,"email",1
1397,19,16,187.749242163855,"email",1
1398,3,11,187.759943274604,"email",1
1399,12,9,187.797062362929,"email",1
1399,12,10,187.797062362929,"email",1
1400,3,18,187.827491047681,"email",1
1401,19,3,187.877991909831,"email",1
1402,8,11,187.935259398045,"email",1
1403,9,13,188.026558758684,"email",1
1404,1,5,188.164871281542,"email",1
1405,14,9,188.193066805081,"email",1
1406,15,3,188.266763280893,"email",1
1406,15,5,188.266763280893,"email",1
1407,11,6,188.296153585376,"email",1
1408,19,3,188.450743647427,"email",1
1409,13,12,188.457756833396,"email",1
1410,6,14,188.460368127647,"email",1
1411,7,11,188.463307466355,"email",1
1411,7,17,188.463307466355,"email",1
1412,10,13,188.489462167999,"email",1
1413,1,17,188.51548885301,"email",1
1414,11,7,188.524158417347,"email",1
1415,19,18,188.552310740477,"email",1
1416,17,10,188.725910082123,"email",1
1417,15,8,188.814032082482,"email",1
1418,19,14,188.817660889852,"email",1
1418,19,7,188.817660889852,"email",1
1419,3,5,188.823238119383,"email",1
1419,3,6,188.823238119383,"email",1
1420,10,4,188.823968496642,"email",1
1421,11,8,188.824071435934,"email",1
1421,11,20,188.824071435934,"email",1
1422,7,16,188.824513464378,"email",1
1422,7,19,188.824513464378,"email",1
1423,15,1,188.859458537077,"email",1
1424,1,20,188.986802814168,"email",1
1425,17,18,188.989266860408,"email",1
1425,17,2,188.989266860408,"email",1
1426,3,1,188.991906584659,"email",1
1426,3,15,188.991906584659,"email",1
1427,6,19,189.014254689401,"email",1
1428,11,18,189.024371637997,"email",1
1428,11,10,189.024371637997,"email",1
1429,3,19,189.065385197774,"email",1
1430,10,13,189.100696371114,"email",1
1431,6,11,189.119823562518,"email",1
1432,7,18,189.161679633678,"email",1
1433,17,11,189.255115731108,"email",1
1434,1,11,189.292454898085,"email",1
1435,3,19,189.360320347159,"email",1
1436,17,18,189.418526747667,"email",1
1436,17,4,189.418526747667,"email",1
1437,17,3,189.421197714278,"email",1
1438,7,19,189.44800333881,"email",1
1439,18,19,189.465559768146,"email",1
1440,9,2,189.63988316857,"email",1
1441,20,12,189.654674550213,"email",1
1442,13,10,189.710560833144,"email",1
1443,9,5,189.717043534502,"email",1
1444,18,14,189.826630882599,"email",1
1445,16,2,189.828680800199,"email",1
1446,6,8,189.849273505694,"email",1
1447,11,18,189.850148291029,"email",1
1448,5,14,189.894188070889,"email",1
1449,19,15,189.924487607823,"email",1
1450,7,8,189.930258407353,"email",1
1451,11,19,189.933417058853,"email",1
1452,18,11,189.974885561424,"email",1
1453,16,14,190.035588766125,"email",1
1454,16,11,190.117257096311,"email",1
1455,11,8,190.129027073025,"email",1
1455,11,5,190.129027073025,"email",1
1456,18,20,190.1428275973,"email",1
1457,7,18,190.222549194203,"email",1
1458,16,18,190.253027521503,"email",1
1458,16,19,190.253027521503,"email",1
1459,13,2,190.266788433264,"email",1
1460,16,9,190.31928843715,"email",1
1461,8,19,190.36712828379,"email",1
1462,19,11,190.401335901567,"email",1
1463,18,14,190.463049919614,"email",1
1464,7,3,190.47792311601,"email",1
1465,18,19,190.494901362873,"email",1
1466,4,16,190.514848324108,"email",1
1467,7,13,190.539772456991,"email",1
1468,15,19,190.60055779725,"email",1
1469,15,12,190.611974676904,"email",1
1470,5,1,190.642021659199,"email",1
1471,19,11,190.694010827859,"email",1
1472,16,17,190.778956391988,"email",1
1473,14,11,190.789173435176,"email",1
1474,18,19,190.884102925641,"email",1
1475,8,1,190.894651768557,"email",1
1476,14,5,190.93197847316,"email",1
1477,5,13,190.972884745836,"email",1
1478,9,7,191.011594811342,"email",1
1479,18,5,191.029082575365,"email",1
1480,5,2,191.07965799419,"email",1
1481,7,8,191.091608647519,"email",1
1482,16,14,191.106253163477,"email",1
1483,17,6,191.185990414577,"email",1
1484,4,12,191.218179307209,"email",1
1485,15,19,191.278494327075,"email",1
1486,19,15,191.29850636375,"email",1
1487,5,4,191.323742054177,"email",1
1488,17,6,191.36624460595,"email",1
1488,17,2,191.36624460595,"email",1
1489,14,16,191.494770270812,"email",1
1489,14,9,191.494770270812,"email",1
1490,17,16,191.514798014477,"email",1
1491,11,17,191.562156872901,"email",1
1492,11,6,191.605181906278,"email",1
1492,11,7,191.605181906278,"email",1
1493,3,16,191.610449754097,"email",1
1494,5,14,191.621560594246,"email",1
1495,11,19,191.625650359862,"email",1
1496,15,19,191.681471839632,"email",1
1497,10,13,191.735547361789,"email",1
1498,18,19,191.787315414733,"email",1
1499,8,6,191.83248812977,"email",1
1500,17,6,191.874654366843,"email",1
1501,11,9,191.919340206709,"email",1
1502,10,13,191.989689504287,"email",1
1503,17,18,192.033356749815,"email",1
1504,6,11,192.205307174974,"email",1
1505,15,8,192.207003880029,"email",1
1506,11,3,192.207893110162,"email",1
1506,11,15,192.207893110162,"email",1
1507,8,7,192.275099294083,"email",1
1508,7,13,192.304152712073,"email",1
1508,7,14,192.304152712073,"email",1
1509,10,13,192.332953900065,"email",1
1510,19,18,192.338251190019,"email",1
1511,18,16,192.370124285298,"email",1
1512,17,8,192.371485715779,"email",1
1513,12,6,192.37262639767,"email",1
1514,5,17,192.403970714207,"email",1
1514,5,4,192.403970714207,"email",1
1515,7,1,192.420457541823,"email",1
1516,18,10,192.545765132001,"email",1
1517,1,2,192.546335746814,"email",1
1518,14,5,192.553798060452,"email",1
1519,6,20,192.564865549246,"email",1
1520,4,7,192.578052645864,"email",1
1521,13,9,192.581890299987,"email",1
1522,6,15,192.619339617757,"email",1
1523,9,13,192.65043204813,"email",1
1524,4,10,192.719037121251,"email",1
1525,13,5,192.786019662784,"email",1
1525,13,3,192.786019662784,"email",1
1526,15,8,192.822795069525,"email",1
1527,18,2,192.867007872449,"email",1
1528,20,16,192.868706104942,"email",1
1529,16,4,192.869034063681,"email",1
1530,10,3,192.904486249025,"email",1
1531,14,16,192.913507797077,"email",1
1532,18,17,192.928122415327,"email",1
1533,2,17,193.169803589439,"email",1
1534,19,6,193.170741171986,"email",1
1535,17,14,193.332776479405,"email",1
1536,19,18,193.333240775371,"email",1
1537,14,2,193.336006361539,"email",1
1537,14,19,193.336006361539,"email",1
1538,11,3,193.374668701541,"email",1
1539,1,10,193.377020927746,"email",1
1539,1,4,193.377020927746,"email",1
1540,16,11,193.476383026335,"email",1
1540,16,9,193.476383026335,"email",1
1541,18,11,193.58476722874,"email",1
1542,17,3,193.592939776014,"email",1
1543,19,14,193.603265295546,"email",1
1544,18,19,193.608407598045,"email",1
1545,17,7,193.685669120817,"email",1
1546,17,16,193.706795666533,"email",1
1547,19,18,193.770080552685,"email",1
1548,18,3,193.782680128838,"email",1
1549,18,3,193.791165444437,"email",1
1550,4,20,193.802799159301,"email",1
1550,4,2,193.802799159301,"email",1
1551,3,18,193.816501665957,"email",1
1551,3,15,193.816501665957,"email",1
1552,7,12,193.914843517916,"email",1
1553,7,10,193.945072004811,"email",1
1554,13,2,193.958916754124,"email",1
1555,16,17,194.004018800646,"email",1
1556,12,2,194.04336402993,"email",1
1557,6,9,194.044410818661,"email",1
1558,17,6,194.047014734015,"email",1
1559,7,14,194.047611081334,"email",1
1560,6,3,194.083424598634,"email",1
1561,9,10,194.121479941554,"email",1
1562,18,19,194.205584424605,"email",1
1563,7,2,194.250035181095,"email",1
1563,7,5,194.250035181095,"email",1
1564,14,18,194.253796035012,"email",1
1565,6,9,194.266678725031,"email",1
1566,8,14,194.277031128642,"email",1
1567,17,16,194.296628986681,"email",1
1568,4,13,194.352432854326,"email",1
1569,7,3,194.365133902675,"email",1
1570,11,3,194.402582069071,"email",1
1570,11,16,194.402582069071,"email",1
1571,7,5,194.441682330084,"email",1
1572,12,11,194.48357681968,"email",1
1572,12,2,194.48357681968,"email",1
1573,14,12,194.562392389768,"email",1
1574,11,16,194.586790302049,"email",1
1575,8,6,194.605512029884,"email",1
1576,12,5,194.657954089957,"email",1
1576,12,15,194.657954089957,"email",1
1577,14,17,194.6645244546,"email",1
1577,14,19,194.6645244546,"email",1
1578,9,6,194.686161687628,"email",1
1579,11,18,194.715796512433,"email",1
1580,14,11,194.735013113792,"email",1
1581,9,4,194.805162125583,"email",1
1582,19,12,194.825411629326,"email",1
1583,4,14,194.894206134333,"email",1
1584,16,6,194.90073175313,"email",1
1585,6,18,194.908209202358,"email",1
1586,5,3,194.920295258481,"email",1
1587,13,8,194.946406287354,"email",1
1588,2,19,194.992025234811,"email",1
1589,9,6,195.044684579166,"email",1
1589,9,16,195.044684579166,"email",1
1590,1,6,195.1323146926,"email",1
1591,18,19,195.15006667476,"email",1
1592,11,18,195.177957598153,"email",1
1593,11,18,195.214065074654,"email",1
1594,13,10,195.275171846252,"email",1
1595,19,6,195.309670118228,"email",1
1596,13,9,195.354349838585,"email",1
1597,14,11,195.38506434728,"email",1
1597,14,8,195.38506434728,"email",1
1598,16,10,195.448203046848,"email",1
1599,11,3,195.497284264731,"email",1
1600,11,17,195.498044491724,"email",1
1601,11,3,195.504531077994,"email",1
1601,11,8,195.504531077994,"email",1
1602,19,3,195.626871156267,"email",1
1602,19,10,195.626871156267,"email",1
1603,10,17,195.655801777799,"email",1
1603,10,7,195.655801777799,"email",1
1604,4,7,195.683309570444,"email",1
1605,14,19,195.706094865685,"email",1
1606,18,11,195.735750338895,"email",1
1607,7,3,195.741172609313,"email",1
1608,3,4,195.794524339694,"email",1
1609,20,18,195.806257928374,"email",1
1609,20,11,195.806257928374,"email",1
1610,11,18,195.831038176171,"email",1
1610,11,17,195.831038176171,"email",1
1611,7,13,195.853060022055,"email",1
1612,8,14,195.87204776976,"email",1
1612,8,7,195.87204776976,"email",1
1613,15,6,195.919868832748,"email",1
1614,12,2,195.92466199595,"email",1
1614,12,10,195.92466199595,"email",1
1615,6,11,196.059857921443,"email",1
1616,15,3,196.06120869548,"email",1
1617,11,6,196.073426946353,"email",1
1617,11,14,196.073426946353,"email",1
1618,9,11,196.07416771047,"email",1
1619,18,19,196.078357548345,"email",1
1620,3,19,196.09092205615,"email",1
1621,6,16,196.116581378983,"email",1
1622,7,1,196.139571292582,"email",1
1623,15,9,196.156637759061,"email",1
1624,17,14,196.172406684893,"email",1
1625,5,8,196.208788549036,"email",1
1626,3,6,196.216476984024,"email",1
1626,3,10,196.216476984024,"email",1
1627,6,18,196.218801246507,"email",1
1628,19,17,196.220899770623,"email",1
1629,17,19,196.238840347028,"email",1
1630,19,10,196.243481183176,"email",1
1631,19,13,196.25903624435,"email",1
1632,13,4,196.290120316795,"email",1
1633,10,14,196.307390081955,"email",1
1634,18,19,196.308276129879,"email",1
1635,3,18,196.325114688419,"email",1
1636,15,4,196.33921679504,"email",1
1637,3,8,196.383343227356,"email",1
1637,3,4,196.383343227356,"email",1
1638,3,19,196.406109711921,"email",1
1639,14,16,196.409787467462,"email",1
1639,14,17,196.409787467462,"email",1
1640,18,9,196.41233256522,"email",1
1641,14,19,196.42099342006,"email",1
1642,10,20,196.421272041091,"email",1
1642,10,8,196.421272041091,"email",1
1643,8,11,196.433058265286,"email",1
1644,19,16,196.455544889668,"email",1
1645,9,3,196.492101289512,"email",1
1646,6,17,196.502924865915,"email",1
1647,19,6,196.561682236522,"email",1
1648,6,2,196.595742817097,"email",1
1648,6,10,196.595742817097,"email",1
1649,13,11,196.598446839108,"email",1
1650,18,19,196.61580171071,"email",1
1651,3,9,196.626172173268,"email",1
1652,6,18,196.661500778032,"email",1
1653,19,18,196.674623187995,"email",1
1654,8,11,196.718721952808,"email",1
1655,17,14,196.729007213085,"email",1
1655,17,2,196.729007213085,"email",1
1656,8,3,196.748281184509,"email",1
1657,19,14,196.838709575939,"email",1
1658,7,17,196.872706741109,"email",1
1659,11,17,196.883084727102,"email",1
1659,11,2,196.883084727102,"email",1
1660,12,10,196.909007447209,"email",1
1661,15,14,196.910592926211,"email",1
1662,3,14,196.925939863634,"email",1
1663,5,2,196.974367936423,"email",1
1664,18,11,197.01126868937,"email",1
1665,5,4,197.080480155578,"email",1
1666,19,18,197.091587872962,"email",1
1666,19,8,197.091587872962,"email",1
1667,19,18,197.105296917788,"email",1
1668,7,8,197.115057748231,"email",1
1669,7,8,197.132669456144,"email",1
1670,16,4,197.146470013203,"email",1
1671,11,6,197.152176365344,"email",1
1671,11,14,197.152176365344,"email",1
1672,6,18,197.16672287441,"email",1
1673,9,20,197.188273082335,"email",1
1674,11,6,197.208319394603,"email",1
1675,9,10,197.213896373889,"email",1
1676,11,3,197.287758620903,"email",1
1677,19,3,197.30266899598,"email",1
1678,15,3,197.323439618955,"email",1
1679,13,1,197.324166044136,"email",1
1680,12,19,197.360393877059,"email",1
1680,12,14,197.360393877059,"email",1
1681,15,12,197.368668612234,"email",1
1682,2,8,197.386584969891,"email",1
1683,11,19,197.424590561611,"email",1
1684,13,20,197.444953601955,"email",1
1685,16,17,197.466059142155,"email",1
1685,16,10,197.466059142155,"email",1
1686,19,18,197.477146647234,"email",1
1687,19,8,197.489083205062,"email",1
1688,6,7,197.492443187365,"email",1
1689,8,7,197.509520787792,"email",1
1690,6,18,197.538239300433,"email",1
1691,7,12,197.538647247176,"email",1
1692,19,18,197.553251683069,"email",1
1693,10,16,197.586065740489,"email",1
1694,14,5,197.591985751269,"email",1
1695,17,11,197.623824168624,"email",1
1695,17,20,197.623824168624,"email",1
1696,8,16,197.634821582727,"email",1
1697,10,16,197.643377939175,"email",1
1698,1,13,197.649371021192,"email",1
1699,6,12,197.649938856952,"email",1
1700,19,18,197.650068575003,"email",1
1701,5,13,197.654256367504,"email",1
1702,3,17,197.660003435586,"email",1
1702,3,14,197.660003435586,"email",1
1703,13,10,197.697113721625,"email",1
1704,3,19,197.70690654834,"email",1
1705,19,18,197.738925652119,"email",1
1706,6,11,197.792308600486,"email",1
1707,17,19,197.816451312703,"email",1
1708,11,3,197.826380078691,"email",1
1708,11,15,197.826380078691,"email",1
1709,20,9,197.846440675088,"email",1
1709,20,16,197.846440675088,"email",1
1710,18,19,197.855707847904,"email",1
1711,19,18,197.927829898477,"email",1
1712,10,9,197.971394752207,"email",1
1713,11,3,197.979208919259,"email",1
1714,6,18,197.999267208643,"email",1
1715,6,19,198.002228381985,"email",1
1715,6,13,198.002228381985,"email",1
1716,3,16,198.005599135074,"email",1
1717,12,7,198.018624720385,"email",1
1718,20,9,198.037314604708,"email",1
1719,9,20,198.050335461353,"email",1
1720,11,14,198.066982557969,"email",1
1721,3,6,198.070867663541,"email",1
1722,10,16,198.075898277372,"email",1
1723,15,19,198.149165423241,"email",1
1723,15,5,198.149165423241,"email",1
1724,14,17,198.229077857149,"email",1
1725,9,13,198.373621914637,"email",1
1725,9,17,198.373621914637,"email",1
1726,16,9,198.382615054289,"email",1
1727,3,6,198.38275403799,"email",1
1728,18,14,198.40957140283,"email",1
1729,16,7,198.428261028558,"email",1
1730,16,6,198.45697074003,"email",1
1731,13,5,198.487074272499,"email",1
1732,19,18,198.515832379001,"email",1
1733,5,11,198.533734159324,"email",1
1734,6,19,198.535959969008,"email",1
1735,1,5,198.556737070411,"email",1
1736,19,17,198.595445108508,"email",1
1737,11,18,198.633106898732,"email",1
1738,10,20,198.641453423666,"email",1
1739,4,18,198.653528225329,"email",1
1740,19,18,198.670137102112,"email",1
1741,16,7,198.682182029844,"email",1
1742,7,17,198.698132299761,"email",1
1743,18,19,198.7066838272,"email",1
1744,18,19,198.724977602261,"email",1
1745,18,11,198.749490546576,"email",1
1745,18,2,198.749490546576,"email",1
1746,6,19,198.750107094879,"email",1
1747,11,18,198.7540615369,"email",1
1748,13,12,198.759343080997,"email",1
1749,11,1,198.761224674965,"email",1
1750,14,2,198.804618722266,"email",1
1751,14,19,198.814845450785,"email",1
1751,14,11,198.814845450785,"email",1
1752,9,12,198.844079674394,"email",1
1753,11,8,198.859420297374,"email",1
1754,13,1,198.885571438919,"email",1
1754,13,3,198.885571438919,"email",1
1755,6,11,198.922699783665,"email",1
1756,6,11,198.931656526549,"email",1
1757,10,14,198.954233351758,"email",1
1758,6,18,198.976499947565,"email",1
1759,18,19,199.080180317169,"email",1
1760,1,3,199.118351974696,"email",1
1761,16,14,199.135529977564,"email",1
1762,10,4,199.163808695018,"email",1
1763,3,6,199.172160625684,"email",1
1764,19,18,199.198200221512,"email",1
1765,4,18,199.229633100595,"email",1
1766,14,8,199.230642139849,"email",1
1767,16,12,199.267347924994,"email",1
1768,10,19,199.272303188076,"email",1
1769,3,11,199.278456891589,"email",1
1770,18,19,199.325466537482,"email",1
1771,3,11,199.358684097247,"email",1
1772,3,19,199.362533093327,"email",1
1773,8,6,199.396931397499,"email",1
1774,14,12,199.401616774526,"email",1
1775,3,6,199.424874089184,"email",1
1776,18,15,199.436912347438,"email",1
1777,14,18,199.440057232559,"email",1
1778,2,7,199.441028214653,"email",1
1779,18,11,199.460093151777,"email",1
1780,19,14,199.464848029051,"email",1
1781,19,11,199.470536111866,"email",1
1782,11,6,199.484360081895,"email",1
1782,11,8,199.484360081895,"email",1
1783,3,11,199.489828142883,"email",1
1783,3,7,199.489828142883,"email",1
1784,9,16,199.498072674946,"email",1
1785,14,9,199.50784414589,"email",1
1786,6,9,199.513358719957,"email",1
1787,18,19,199.529887656644,"email",1
1788,12,7,199.530411796459,"email",1
1789,16,20,199.550711799033,"email",1
1790,18,19,199.569335229489,"email",1
1790,18,9,199.569335229489,"email",1
1791,5,1,199.59074176598,"email",1
1792,18,13,199.601812970095,"email",1
1793,18,19,199.618230987193,"email",1
1794,18,19,199.630283653168,"email",1
1795,18,3,199.633669839227,"email",1
1796,7,17,199.640960220363,"email",1
1796,7,10,199.640960220363,"email",1
1797,20,12,199.646547797274,"email",1
1798,18,11,199.656555856944,"email",1
1799,12,8,199.65853902421,"email",1
1800,3,18,199.664151929852,"email",1
1801,1,6,199.669629792898,"email",1
1802,5,20,199.673608640827,"email",1
1803,14,13,199.688341549086,"email",1
1804,19,18,199.701435027732,"email",1
1805,6,19,199.712388006841,"email",1
1806,19,18,199.72257338043,"email",1
1807,3,19,199.724209557633,"email",1
1808,8,11,199.727215643478,"email",1
1809,19,18,199.731285644214,"email",1
1810,3,18,199.73304763364,"email",1
1811,8,9,199.772214611992,"email",1
1812,1,13,199.77771355664,"email",1
1813,18,3,199.837180805447,"email",1
1814,19,18,199.839885414313,"email",1
1815,13,16,199.857030776141,"email",1
1816,20,1,199.870316240133,"email",1
1817,19,18,199.885171116207,"email",1
1818,10,7,199.888718010783,"email",1
1819,11,6,199.917771332104,"email",1
1820,18,19,199.92110590806,"email",1
1821,10,19,199.922767681542,"email",1
1821,10,11,199.922767681542,"email",1
1822,19,18,199.942213551349,"email",1
1823,11,19,199.950126534371,"email",1
1824,19,18,199.96419245618,"email",1
1825,3,16,199.966717081766,"email",1
1825,3,4,199.966717081766,"email",1
1826,18,19,199.96954516365,"email",1
1827,19,18,199.993864383072,"email",1
1828,7,12,200.029112856579,"email",1
1829,3,18,200.034502351725,"email",1
1830,18,19,200.038720776967,"email",1
1831,11,8,200.048283958887,"email",1
1832,18,19,200.057290256353,"email",1
1833,20,3,200.072993328916,"email",1
1834,20,9,200.078240515247,"email",1
1835,12,14,200.091129036935,"email",1
1836,11,3,200.09817768957,"email",1
1837,18,19,200.113714469202,"email",1
1838,6,19,200.116115808385,"email",1
1839,6,16,200.136374685126,"email",1
1840,13,10,200.139633193586,"email",1
1841,19,18,200.150758190272,"email",1
1842,19,18,200.179550651198,"email",1
1843,1,18,200.212245890047,"email",1
1844,19,18,200.22103137956,"email",1
1845,12,14,200.223140156192,"email",1
1846,19,18,200.23095070468,"email",1
1847,16,6,200.238357612151,"email",1
1848,11,6,200.302419495781,"email",1
1849,16,11,200.329150157905,"email",1
1850,18,19,200.34122225341,"email",1
1850,18,11,200.34122225341,"email",1
1851,19,18,200.34563309752,"email",1
1852,19,18,200.367471015553,"email",1
1853,16,11,200.372833993352,"email",1
1853,16,14,200.372833993352,"email",1
1854,11,15,200.377699323918,"email",1
1855,19,18,200.380008828475,"email",1
1856,2,6,200.39730373261,"email",1
1856,2,19,200.39730373261,"email",1
1857,19,16,200.432418310679,"email",1
1858,8,18,200.447020969292,"email",1
1859,18,19,200.484538892585,"email",1
1860,11,19,200.507653192439,"email",1
1860,11,2,200.507653192439,"email",1
1861,18,6,200.509173663994,"email",1
1861,18,7,200.509173663994,"email",1
1862,18,19,200.51004241313,"email",1
1863,8,19,200.52144462152,"email",1
1864,2,13,200.536253888392,"email",1
1864,2,6,200.536253888392,"email",1
1865,18,19,200.538868249375,"email",1
1866,13,18,200.541831910676,"email",1
1867,18,19,200.543916897803,"email",1
1868,18,19,200.544757938389,"email",1
1869,18,19,200.549801324124,"email",1
1870,18,19,200.562524284758,"email",1
1871,19,18,200.564640117326,"email",1
1872,19,18,200.569107469094,"email",1
1872,19,6,200.569107469094,"email",1
1873,19,18,200.572492971411,"email",1
1874,11,3,200.573937778554,"email",1
1875,18,19,200.579887468848,"email",1
1876,18,19,200.595771022742,"email",1
1877,18,19,200.611644959731,"email",1
1878,18,19,200.61348701447,"email",1
1879,19,18,200.623958996748,"email",1
1880,19,18,200.644613448535,"email",1
1881,18,19,200.651358931111,"email",1
1881,18,9,200.651358931111,"email",1
1882,11,18,200.657619951438,"email",1
1883,18,19,200.661070965344,"email",1
1884,18,19,200.664663975604,"email",1
1884,18,10,200.664663975604,"email",1
1885,18,19,200.665989233311,"email",1
1885,18,13,200.665989233311,"email",1
1886,8,6,200.666226681138,"email",1
1887,3,6,200.670225938709,"email",1
1888,19,18,200.674647220864,"email",1
1889,3,19,200.679267836121,"email",1
1890,18,19,200.681916138292,"email",1
1891,19,18,200.68290770895,"email",1
1892,6,20,200.685758842412,"email",1
1893,19,18,200.686257343901,"email",1
1893,19,12,200.686257343901,"email",1
1894,19,18,200.688398327425,"email",1
1895,19,18,200.69088947453,"email",1
1896,19,18,200.691513635535,"email",1
1897,3,13,200.694093165671,"email",1
1898,19,11,200.694199976047,"email",1
1899,18,19,200.694307597193,"email",1
1900,17,3,200.69516120953,"email",1
1901,19,18,200.698434518632,"email",1
1902,19,18,200.700332622634,"email",1
1903,19,18,200.701443444289,"email",1
1904,18,19,200.705017130558,"email",1
1905,19,18,200.705649964506,"email",1
1906,18,19,200.705819306055,"email",1
1907,18,19,200.706553064292,"email",1
1908,18,19,200.707028168813,"email",1
1909,19,18,200.709167697526,"email",1
1910,19,18,200.709350749185,"email",1
1911,19,18,200.710673592822,"email",1
1911,19,8,200.710673592822,"email",1
1912,18,19,200.712922246325,"email",1
1912,18,1,200.712922246325,"email",1
1913,19,18,200.714509833191,"email",1
1914,19,18,200.716839620971,"email",1
1915,19,18,200.717393959345,"email",1
1916,18,19,200.717687174737,"email",1
1917,4,9,200.718796956497,"email",1
1918,19,18,200.719108737009,"email",1
1919,19,18,200.719318139904,"email",1
1920,18,19,200.720287737416,"email",1
1920,18,4,200.720287737416,"email",1
1921,19,18,200.722773865706,"email",1
1922,18,19,200.723304716353,"email",1
1923,19,18,200.724994450183,"email",1
1924,19,18,200.7259916149,"email",1
1925,18,19,200.726332325436,"email",1
1926,19,18,200.729075795306,"email",1
1927,19,18,200.729683445023,"email",1
1928,18,19,200.729861970898,"email",1
1929,18,19,200.730151820725,"email",1
1930,6,10,200.731047215795,"email",1
1931,19,18,200.731058605779,"email",1
1932,18,19,200.731420228705,"email",1
1933,18,19,200.731960413979,"email",1
1934,19,18,200.732012473774,"email",1
1935,18,19,200.732458966392,"email",1
1936,18,19,200.732656816165,"email",1
1937,18,19,200.733217062632,"email",1
1938,18,19,200.73349192928,"email",1
1938,18,4,200.73349192928,"email",1
1939,19,18,200.733584401396,"email",1
1940,18,19,200.733889670793,"email",1
1941,19,18,200.733949491237,"email",1
1942,18,19,200.734048218401,"email",1
1943,19,18,200.734233276486,"email",1
1944,18,19,200.734275915237,"email",1
1945,19,18,200.734278262113,"email",1
1946,18,19,200.734606992339,"email",1
1947,18,19,200.734998523315,"email",1
1948,19,18,200.735076764819,"email",1
1949,19,18,200.735409027002,"email",1
1950,18,19,200.735740833728,"email",1
1951,18,19,200.735797205262,"email",1
1952,18,19,200.735913636745,"email",1
1952,18,5,200.735913636745,"email",1
1953,19,18,200.735943352951,"email",1
1954,18,19,200.73597292738,"email",1
1954,18,11,200.73597292738,"email",1
1955,19,18,200.736095744502,"email",1
1956,19,18,200.736307662334,"email",1
1957,18,19,200.736511213535,"email",1
1958,19,18,200.736548814105,"email",1
1959,18,19,200.736999982392,"email",1
1960,19,18,200.737243592352,"email",1
1961,18,19,200.737657222735,"email",1
1962,19,18,200.737676613166,"email",1
1962,19,13,200.737676613166,"email",1
1963,19,18,200.737838846577,"email",1
1964,18,19,200.737943785218,"email",1
1964,18,12,200.737943785218,"email",1
1965,18,19,200.738055329269,"email",1
1966,19,18,200.738058505038,"email",1
1967,18,19,200.738177652828,"email",1
1968,18,19,200.738261929084,"email",1
1968,18,5,200.738261929084,"email",1
1969,18,19,200.738337846459,"email",1
1970,18,19,200.738343963374,"email",1
1971,18,19,200.738372199196,"email",1
1972,19,18,200.738437265249,"email",1
1973,18,19,200.738450257749,"email",1
1974,19,18,200.738476301429,"email",1
1974,19,7,200.738476301429,"email",1
1975,18,19,200.738477574084,"email",1
1976,19,18,200.738545393006,"email",1
1977,19,18,200.738609728761,"email",1
1977,19,9,200.738609728761,"email",1
1978,18,19,200.738662462759,"email",1
1979,19,18,200.738713844147,"email",1
1980,19,18,200.738722523871,"email",1
1981,18,19,200.738775245887,"email",1
1982,18,19,200.738784149281,"email",1
1983,18,19,200.738835575726,"email",1
1984,19,18,200.738835948097,"email",1
1985,18,19,200.738846953251,"email",1
1986,18,19,200.738850695522,"email",1
1987,19,18,200.738866213459,"email",1
1987,19,14,200.738866213459,"email",1
1988,19,18,200.738873938883,"email",1
1989,18,19,200.738898110177,"email",1
1990,18,19,200.738900613092,"email",1
1990,18,1,200.738900613092,"email",1
1991,18,19,200.738903244484,"email",1
1991,18,9,200.738903244484,"email",1
1992,18,19,200.738925228257,"email",1
1993,18,19,200.738934683741,"email",1
1994,18,19,200.738936251586,"email",1
1995,18,19,200.738942463037,"email",1
1995,18,12,200.738942463037,"email",1
1996,19,18,200.738950443727,"email",1
1997,19,18,200.738960515263,"email",1
1997,19,5,200.738960515263,"email",1
1998,18,19,200.738966439523,"email",1
1999,18,19,200.738991001477,"email",1
1999,18,15,200.738991001477,"email",1
2000,19,18,200.738992263323,"email",1
